,Property_ID,Property_Name,Property_Type,Property_Purpose,Baths,Bedrooms,City,Property_Location,Area,Area_Name,Properity_Price,Date_Added
0,Flat 43165694,Serviced Apartments Complex In Islamabad Guaranteed Annual Rental Income For 10 Years,Flat,For Sale,1,1,Islamabad,"Airport Enclave, Islamabad, Islamabad Capital",2.9 ,Airport Enclave,20000000,28/12/2022
1,Flat 43098770,Become Owner Of Your Good Location Flat Today Which Is Centrally Located In DHA Defence Phase 2 In Islamabad,Flat,For Sale,-,-,Islamabad,"DHA Defence, Islamabad, Islamabad Capital",6.9 ,DHA Defence,40000000,28/12/2022
2,Flat 43098768,"A Good Location Flat Of 1309 Square Feet In Rs. 28,241,675",Flat,For Sale,-,-,Islamabad,"DHA Defence, Islamabad, Islamabad Capital",5.8 ,DHA Defence,30000000,28/12/2022
3,Flat 43098766,Good Location 1735 Square Feet Flat Is Available In DHA Defence Phase 2,Flat,For Sale,-,-,Islamabad,"DHA Defence, Islamabad, Islamabad Capital",7.7 ,DHA Defence,40000000,28/12/2022
4,Flat 43180784,2 Bedroom Apartment For Sale In Ideas Tower,Flat,For Sale,2,2,Islamabad,"B-17, Islamabad, Islamabad Capital",4.2 ,B-17,5900000,28/12/2022
5,Flat 42772979,E11 THREE BED LUXURY APARTMENT AVAILABLE FOR SALE,Flat,For Sale,3,3,Islamabad,"E-11, Islamabad, Islamabad Capital",5.8 ,E-11,20000000,28/12/2022
6,Flat 43040428,2 Bed Room Apartment For Sale,Flat,For Sale,2,2,Islamabad,"E-11, Islamabad, Islamabad Capital",4 ,E-11,20000000,28/12/2022
7,Flat 43163589,Marvelous Corner Apartment In Elysium Mall Islamabad,Flat,For Sale,2,2,Islamabad,"Blue Area, Islamabad, Islamabad Capital",7.3 ,Blue Area,80000000,28/12/2022
8,Flat 41303690,Safa Burj Mall Luxury Apartment,Flat,For Sale,-,-,Islamabad,"B-17, Islamabad, Islamabad Capital",3.8 ,B-17,9400000,28/12/2022
9,Flat 43169187,Askari Tower 2 Apartment Available For Sale Beautiful Outclass Condition Apartment,Flat,For Sale,4,3,Islamabad,"DHA Defence, Islamabad, Islamabad Capital",12.2 ,DHA Defence,40000000,28/12/2022
10,Flat 42805914,"1,226 Sq Ft Apartment For Sale In Samama Star (mall & Residency), Gulberg Greens",Flat,For Sale,3,3,Islamabad,"Gulberg, Islamabad, Islamabad Capital",5.4 ,Gulberg,20000000,28/12/2022
11,Flat 42285560,"Ideal 1410 Square Feet Flat has landed on market in Lignum Tower, Islamabad",Flat,For Sale,2,2,Islamabad,"DHA Defence, Islamabad, Islamabad Capital",6.3 ,DHA Defence,20000000,16/11/2022
12,Flat 41296984,Beautiful 3 Bed Flat Ever Bigger Size In Capital Squares Available For Sale,Flat,For Sale,4,3,Islamabad,"B-17, Islamabad, Islamabad Capital",7.6 ,B-17,20000000,28/12/2022
13,Flat 43190399,Fabulous Apartment In Executive Heights F-11 Islamabad,Flat,For Sale,2,2,Islamabad,"F-11, Islamabad, Islamabad Capital",6.4 ,F-11,30000000,28/12/2022
14,Flat 42775509,Get Your Dream Flat In E-11 E-11,Flat,For Sale,2,2,Islamabad,"E-11, Islamabad, Islamabad Capital",5.3 ,E-11,20000000,28/12/2022
15,Flat 41979593,Stunning Apartment For Sale In Executive Suites F-11 Islamabad,Flat,For Sale,4,4,Islamabad,"F-11, Islamabad, Islamabad Capital",14.7 ,F-11,50000000,28/12/2022
16,Flat 42685465,"439 Square Feet Flat For sale In Bahria Enclave - Sector G Islamabad In Only Rs. 5,489,000",Flat,For Sale,-,-,Islamabad,"Bahria Town, Islamabad, Islamabad Capital",2 ,Bahria Town,5500000,04/12/2022
17,Flat 42685459,554 Square Feet Spacious Flat Available In Bahria Enclave - Sector G For sale,Flat,For Sale,-,-,Islamabad,"Bahria Town, Islamabad, Islamabad Capital",2.5 ,Bahria Town,7000000,04/12/2022
18,Flat 42685456,Buy A Centrally Located 470 Square Feet Flat In Bahria Enclave - Sector G,Flat,For Sale,-,-,Islamabad,"Bahria Town, Islamabad, Islamabad Capital",2.1 ,Bahria Town,5900000,04/12/2022
19,Flat 42685470,Flat In Bahria Enclave - Sector G Sized 467 Square Feet Is Available,Flat,For Sale,-,-,Islamabad,"Bahria Town, Islamabad, Islamabad Capital",2.1 ,Bahria Town,5900000,04/12/2022
20,Flat 42685461,A Stunning Flat Is Up For Grabs In Bahria Enclave - Sector G Islamabad,Flat,For Sale,-,-,Islamabad,"Bahria Town, Islamabad, Islamabad Capital",1.8 ,Bahria Town,5200000,04/12/2022
21,Flat 43193259,A Flat Of 1300 Square Feet In E-11,Flat,For Sale,2,2,Islamabad,"E-11, Islamabad, Islamabad Capital",5.8 ,E-11,20000000,03/12/2022
22,Flat 43193257,Flat For sale In E-11,Flat,For Sale,2,2,Islamabad,"E-11, Islamabad, Islamabad Capital",5.6 ,E-11,20000000,03/12/2022
23,Flat 43193254,This Is Your Chance To Buy Flat In E-11,Flat,For Sale,2,2,Islamabad,"E-11, Islamabad, Islamabad Capital",5.6 ,E-11,20000000,03/12/2022
24,House 42777252,10marla Top location house for sale,House,For Sale,5,5,Islamabad,"Bahria Town, Islamabad, Islamabad Capital",10 ,Bahria Town,50000000,28/12/2022
25,House 43153855,1 Kanal House In Stunning DHA Defence Phase 2 Is Available For sale,House,For Sale,6,6,Islamabad,"DHA Defence, Islamabad, Islamabad Capital",20.0,DHA Defence,90000000,27/12/2022
26,House 43168603,1 Kanal Beautiful House Available For Sale Reasonable Price With Basement,House,For Sale,6,6,Islamabad,"DHA Defence, Islamabad, Islamabad Capital",20.0,DHA Defence,80000000,27/12/2022
27,House 40987299,Stunning Brand New 1 Kanal Luxurious House For Sale,House,For Sale,8,6,Islamabad,"DHA Defence, Islamabad, Islamabad Capital",20.0,DHA Defence,100000000,27/12/2022
28,House 42832381,Beautiful House Available For Sale,House,For Sale,6,5,Islamabad,"DHA Defence, Islamabad, Islamabad Capital",20.0,DHA Defence,90000000,27/12/2022
29,House 42005051,40x80 Newly Build Double Storey House For Sale On Reasonable Price,House,For Sale,6,6,Islamabad,"I-8, Islamabad, Islamabad Capital",14.2 ,I-8,100000000,28/12/2022
30,House 42625741,40x80 NEWLY BUILT DOUBLE STOREY HOUSE FOR SALE,House,For Sale,6,6,Islamabad,"I-8, Islamabad, Islamabad Capital",14 ,I-8,110000000,28/12/2022
31,House 43172956,5 Marla House For sale In Pakistan Town - Phase 1,House,For Sale,3,2,Islamabad,"Pakistan Town, Islamabad, Islamabad Capital",5 ,Pakistan Town,20000000,28/12/2022
32,House 43101294,7 Marla Brand New House For Sale In G. 13 Main Double Road,House,For Sale,6,6,Islamabad,"G-13, Islamabad, Islamabad Capital",7 ,G-13,60000000,28/12/2022
33,House 42529437,F11.4 Vip Location House For Sale,House,For Sale,6,5,Islamabad,"F-11, Islamabad, Islamabad Capital",20.0,F-11,150000000,28/12/2022
34,House 41728977,Brand New Designer House 1 Kanal 6 Beds Double Unit,House,For Sale,6,6,Islamabad,"DHA Defence, Islamabad, Islamabad Capital",20.0,DHA Defence,90000000,30/11/2022
35,House 43021369,Brand New Luxury Double Unit House For Sale,House,For Sale,6,6,Islamabad,"DHA Defence, Islamabad, Islamabad Capital",20.0,DHA Defence,80000000,30/11/2022
36,House 42654242,Kanal Brand New House Available For Sale In Dha Phase 2 Islamabad,House,For Sale,6,6,Islamabad,"DHA Defence, Islamabad, Islamabad Capital",20.0,DHA Defence,100000000,17/11/2022
37,House 42161810,Triple Story House For Sale In DHA Phase 2 Islamabad,House,For Sale,7,7,Islamabad,"DHA Defence, Islamabad, Islamabad Capital",20.0,DHA Defence,70000000,16/11/2022
38,House 42285556,1 Kanal House For sale In DHA Phase 5 - Sector A,House,For Sale,6,6,Islamabad,"DHA Defence, Islamabad, Islamabad Capital",20.0,DHA Defence,70000000,16/11/2022
39,House 42285574,House Of 1 Kanal Available In DHA Phase 2 - Sector H,House,For Sale,7,7,Islamabad,"DHA Defence, Islamabad, Islamabad Capital",20.0,DHA Defence,60000000,16/11/2022
40,House 42790478,7 Marla Grey Structure House Main Road.,House,For Sale,6,6,Islamabad,"E-18, Islamabad, Islamabad Capital",7 ,E-18,20000000,07/11/2022
41,House 38500751,Al Ahram Offer You Kanal House For Sale In Dha Phase 2 Islamabad,House,For Sale,6,6,Islamabad,"DHA Defence, Islamabad, Islamabad Capital",20.0,DHA Defence,70000000,24/12/2022
42,House 42384789,F-7 Corner Brand New House For Sale Income Rent 8000$,House,For Sale,6,5,Islamabad,"F-7, Islamabad, Islamabad Capital",22.0,F-7,370000000,19/12/2022
43,House 43193419,40x80(14 Marla)  Modern Luxury House Available for Sale In G13 Islamabad,House,For Sale,6,6,Islamabad,"G-13, Islamabad, Islamabad Capital",14.2 ,G-13,90000000,09/12/2022
44,House 43193203,(35*70) Brand New First Entry Designer house for sale in G-13 Islamabad,House,For Sale,6,6,Islamabad,"G-13, Islamabad, Islamabad Capital",10 ,G-13,70000000,01/12/2022
45,House 43193195,I-8/4 NEWLY RENOVATED 14 MARLA TRIPLE STORY 10 BEDROOM FRONT OPEN 11.50,House,For Sale,6,10,Islamabad,"I-8, Islamabad, Islamabad Capital",14 ,I-8,120000000,30/11/2022
46,House 36894111,1 Kanal Corner House Available For Sale In Dha Phase 2 Islamabad,House,For Sale,9,9,Islamabad,"DHA Defence, Islamabad, Islamabad Capital",20.0,DHA Defence,90000000,28/11/2022
47,House 35698959,2 Kanal House For Sale In Dha Phase 2 Islamabad,House,For Sale,10,11,Islamabad,"DHA Defence, Islamabad, Islamabad Capital",40.0,DHA Defence,150000000,28/11/2022
48,House 43193185,(25*40) Brand New Proper Corner luxury house for sale in G-13 Islamabad,House,For Sale,4,4,Islamabad,"G-13, Islamabad, Islamabad Capital",4 ,G-13,40000000,28/11/2022
49,House 43027910,550 SQYRD Fully Furnished Double Storey Available for Rent F 6,House,For Rent,6,6,Islamabad,"F-6, Islamabad, Islamabad Capital",22.0,F-6,800000,28/12/2022
50,House 43027903,2000 SQYRD Triple Storey House at Prime Location Available for School Embassies,House,For Rent,-,-,Islamabad,"G-6, Islamabad, Islamabad Capital",80.0,G-6,2000000,28/12/2022
51,House 42666839,5 Kanal Triple Storey House With Front Back Lawn Available For Rent F 7 Best For School Companies,House,For Rent,10,11,Islamabad,"F-7, Islamabad, Islamabad Capital",100.0,F-7,1600000,26/12/2022
52,House 42665574,1000 Yards Double Storey House With Big Lawn Available For Rent At Prime Location,House,For Rent,4,4,Islamabad,"F-7, Islamabad, Islamabad Capital",40.0,F-7,600000,26/12/2022
53,House 42609892,3 Kanal Almost 10 Year Old Triple Storey House Is Available For Rent At Prime Location Of F 6,House,For Rent,-,-,Islamabad,"F-6, Islamabad, Islamabad Capital",60.0,F-6,2300000,26/12/2022
54,House 43166179,Prime Location Excellent House Available For Rent Ideal For Foreigners-,House,For Rent,6,8,Islamabad,"F-8, Islamabad, Islamabad Capital",40.0,F-8,2000000,28/12/2022
55,House 42905867,Residential House for Rent in D 12,House,For Rent,5,5,Islamabad,"D-12, Islamabad, Islamabad Capital",10 ,D-12,300000,28/12/2022
56,House 43102357,Residential House For Rent In D 12,House,For Rent,6,6,Islamabad,"D-12, Islamabad, Islamabad Capital",10 ,D-12,400000,27/12/2022
57,House 43144974,688 Sq Yd Beautiful House For Rent In F10,House,For Rent,5,5,Islamabad,"F-10, Islamabad, Islamabad Capital",28.0,F-10,500000,26/12/2022
58,House 43123419,Prime Location Brand New Fully Furnished House Available For Rent,House,For Rent,7,6,Islamabad,"E-7, Islamabad, Islamabad Capital",24.0,E-7,1300000,25/12/2022
59,House 43073446,Brand New Triple Storey House Is Available For Rent In F-7,House,For Rent,-,-,Islamabad,"F-7, Islamabad, Islamabad Capital",22.0,F-7,3400000,28/12/2022
60,House 43027905,1200 SQYRD Ground PLUS Upper Double Storey Available for Rent At Beautiful Location E 7,House,For Rent,-,-,Islamabad,"E-7, Islamabad, Islamabad Capital",48.0,E-7,1200000,28/12/2022
61,House 41493717,One Kanal Completely New Beautiful And Luxurious Spacious House Available For Rent In Bahria Enclave Islamabad,House,For Rent,6,6,Islamabad,"Bahria Town, Islamabad, Islamabad Capital",20.0,Bahria Town,300000,28/12/2022
62,House 42834771,Brand New House For Rent In F-7,House,For Rent,6,6,Islamabad,"F-7, Islamabad, Islamabad Capital",20.0,F-7,700000,28/12/2022
63,House 30371001,One Kanal Luxurious Brand New House Is At Ideal Location With Amazing Architecture Design,House,For Rent,7,6,Islamabad,"DHA Defence, Islamabad, Islamabad Capital",20.0,DHA Defence,200000,28/12/2022
64,House 43111946,F-11 Full One Kanal Corner House For Rent.,House,For Rent,5,5,Islamabad,"F-11, Islamabad, Islamabad Capital",20.0,F-11,300000,28/12/2022
65,House 43141914,E11 Four Bedroom 1 Kanal House Available For Rent In Islamabad,House,For Rent,4,4,Islamabad,"E-11, Islamabad, Islamabad Capital",20.0,E-11,200000,28/12/2022
66,House 43193458,6 Bedroom Spacious House In Front Of Margalla Hills,House,For Rent,-,6,Islamabad,"E-7, Islamabad, Islamabad Capital",72.0,E-7,900000,11/12/2022
67,House 43193216,1 Kanal House Is Available For rent In E-11,House,For Rent,-,-,Islamabad,"E-11, Islamabad, Islamabad Capital",20.0,E-11,500000,02/12/2022
68,House 43193214,A 1 Kanal House In E-11 Is On The Market For rent,House,For Rent,-,-,Islamabad,"E-11, Islamabad, Islamabad Capital",20.0,E-11,500000,02/12/2022
69,House 43193213,"Change Your Address To E-11, E-11 For A Reasonable Price Of",House,For Rent,-,-,Islamabad,"E-11, Islamabad, Islamabad Capital",20.0,E-11,500000,02/12/2022
70,House 43193212,House Spread Over 1 Kanal In E-11 Available,House,For Rent,-,-,Islamabad,"E-11, Islamabad, Islamabad Capital",20.0,E-11,500000,02/12/2022
71,House 43193211,Stunning and affordable House available for rent in E-11,House,For Rent,-,-,Islamabad,"E-11, Islamabad, Islamabad Capital",20.0,E-11,400000,02/12/2022
72,House 41620292,Prime Location Beautiful House For Rent,House,For Rent,6,6,Islamabad,"F-8, Islamabad, Islamabad Capital",24.0,F-8,1000000,27/11/2022
73,House 43193176,F7 Brand New House 5 Bedroom Front Back Garden,House,For Rent,5,4,Islamabad,"F-7, Islamabad, Islamabad Capital",72.0,F-7,900000,27/11/2022
74,Flat 43028179,1075 Sqft 1 Bedrooms Fully Furnished With A Grade Equipment Apartment Available For Rent In Constitution Avenue Islamabad,Flat,For Rent,1,1,Islamabad,"Constitution Avenue, Islamabad, Islamabad Capital",4.8 ,Constitution Avenue,300000,28/12/2022
75,Flat 42746049,Flat For Rent In Defence Executive Apartments,Flat,For Rent,1,1,Islamabad,"DHA Defence, Islamabad, Islamabad Capital",3.5 ,DHA Defence,45000,28/12/2022
76,Flat 42253660,3 Bed Apartment With Servant Quarter For Rent In The Royal Mall And Residency,Flat,For Rent,-,-,Islamabad,"Bahria Town, Islamabad, Islamabad Capital",7.6 ,Bahria Town,85000,24/12/2022
77,Flat 43155314,Fully Furnished Apartment for rent in OCA,Flat,For Rent,3,3,Islamabad,"Constitution Avenue, Islamabad, Islamabad Capital",12.4 ,Constitution Avenue,500000,26/12/2022
78,Flat 43154826,Brand New fully Furnished Apartment For rent in OCA,Flat,For Rent,2,2,Islamabad,"Constitution Avenue, Islamabad, Islamabad Capital",7.6 ,Constitution Avenue,500000,26/12/2022
79,Flat 43146995,Margalla Hills 2 Bedroom Fully Furnished Apartment For Rent,Flat,For Rent,3,2,Islamabad,"E-11, Islamabad, Islamabad Capital",6.4 ,E-11,200000,28/12/2022
80,Flat 42673368,The Galleria Three Bed Gold Apartment for Rent available bahria Enclave Islamabad,Flat,For Rent,3,3,Islamabad,"Bahria Town, Islamabad, Islamabad Capital",7.5 ,Bahria Town,50000,26/12/2022
81,Flat 42549468,Beautiful Furnished Apartment For Rent In Centauras Mall,Flat,For Rent,3,2,Islamabad,"F-8, Islamabad, Islamabad Capital",10 ,F-8,500000,26/12/2022
82,Flat 42893904,Furnished Apartment For Rent In Capital Residencia.,Flat,For Rent,3,3,Islamabad,"E-11, Islamabad, Islamabad Capital",8 ,E-11,200000,24/12/2022
83,Flat 43053183,1 Bed Fully Furnished Luxury Apartment,Flat,For Rent,1,1,Islamabad,"E-11, Islamabad, Islamabad Capital",2.7 ,E-11,67000,27/12/2022
84,Flat 41825188,One Bedroom Luxury Furnished Apartment Available For Rent In E-11 Islamabad,Flat,For Rent,1,1,Islamabad,"E-11, Islamabad, Islamabad Capital",3.6 ,E-11,85000,27/12/2022
85,Flat 43181959,1 Bed Apartment Available For Rent In Gulberg Arena Mall & Residency,Flat,For Rent,1,1,Islamabad,"Gulberg, Islamabad, Islamabad Capital",3.1 ,Gulberg,35000,28/12/2022
86,Flat 42285565,Flat Of 622 Square Feet Is Available For rent In Lignum Tower,Flat,For Rent,1,-,Islamabad,"DHA Defence, Islamabad, Islamabad Capital",2.8 ,DHA Defence,30000,15/11/2022
87,Flat 41081131,Beautiful 3 Bed Flat With All Facilities For Family Is Available For Rent,Flat,For Rent,3,3,Islamabad,"B-17, Islamabad, Islamabad Capital",6.2 ,B-17,40000,28/12/2022
88,Flat 41781888,E-11 Three Bedroom Fully Furnished Apartment Available For Rent,Flat,For Rent,3,3,Islamabad,"E-11, Islamabad, Islamabad Capital",6.4 ,E-11,95000,28/12/2022
89,Flat 41781921,E-11 Capital Residencia Two Bedroom Fully Furnished Apartment Available For Rent,Flat,For Rent,2,2,Islamabad,"E-11, Islamabad, Islamabad Capital",4.2 ,E-11,80000,28/12/2022
90,Flat 42077693,1 Bedroom Furnished Apartment Available For Rent In E11,Flat,For Rent,1,1,Islamabad,"E-11, Islamabad, Islamabad Capital",3.6 ,E-11,55000,28/12/2022
91,Flat 43193040,Your Search Ends Right Here With The Beautiful Flat In E-11 At Affordable Price Of Pkr,Flat,For Rent,1,1,Islamabad,"E-11, Islamabad, Islamabad Capital",2 ,E-11,50000,17/11/2022
92,Flat 43193039,Spacious Flat Is Available For rent In Ideal Location Of E-11,Flat,For Rent,1,1,Islamabad,"E-11, Islamabad, Islamabad Capital",1.8 ,E-11,45000,17/11/2022
93,Flat 43193031,Find Your Ideal Flat In E-11 Under,Flat,For Rent,3,3,Islamabad,"E-11, Islamabad, Islamabad Capital",4.4 ,E-11,200000,17/11/2022
94,Flat 43193030,Flat Spread Over 1000 Square Feet In E-11 Available,Flat,For Rent,3,3,Islamabad,"E-11, Islamabad, Islamabad Capital",4.4 ,E-11,200000,17/11/2022
95,Flat 43193029,1000 Square Feet Flat For rent In The Perfect Location Of E-11,Flat,For Rent,3,3,Islamabad,"E-11, Islamabad, Islamabad Capital",4.4 ,E-11,200000,17/11/2022
96,Flat 43193027,Good 1000 Square Feet Flat For rent In E-11,Flat,For Rent,3,3,Islamabad,"E-11, Islamabad, Islamabad Capital",4.4 ,E-11,200000,17/11/2022
97,Flat 43193028,"In E-11 Of E-11, A 1000 Square Feet Flat Is Available",Flat,For Rent,3,3,Islamabad,"E-11, Islamabad, Islamabad Capital",4.4 ,E-11,200000,17/11/2022
98,Flat 43193026,Aesthetic Flat Of 900 Square Feet For rent Is Available,Flat,For Rent,2,2,Islamabad,"E-11, Islamabad, Islamabad Capital",4 ,E-11,100000,17/11/2022
99,Flat 42594329,Prime Location Flat Of 576 Square Feet Available For sale In Top City 1,Flat,For Sale,-,-,Islamabad,"Top City 1, Islamabad, Islamabad Capital",2.6 ,Top City 1,20000000,28/12/2022
100,Flat 43177544,Three Bedroom Luxury Apartment For Sale,Flat,For Sale,3,3,Islamabad,"B-17, Islamabad, Islamabad Capital",5.4 ,B-17,5500000,28/12/2022
101,Flat 42723451,Near possession Centrally Located Flat In Bahria Enclave - Sector H,Flat,For Sale,1,1,Islamabad,"Bahria Town, Islamabad, Islamabad Capital",2.1 ,Bahria Town,5800000,28/12/2022
102,Flat 42698319,2 Bed Apartment For Sale,Flat,For Sale,2,2,Islamabad,"G-11, Islamabad, Islamabad Capital",7.3 ,G-11,30000000,28/12/2022
103,Flat 42697663,2 Bed Margallah Facing Non Corner Apartments,Flat,For Sale,2,2,Islamabad,"G-11, Islamabad, Islamabad Capital",7.9 ,G-11,40000000,28/12/2022
104,Flat 43178925,Signature Hotels And Residencia Flat,Flat,For Sale,1,1,Islamabad,"Top City 1, Islamabad, Islamabad Capital",1.7 ,Top City 1,20000000,28/12/2022
105,Flat 39107419,One Bed Luxury Flat For Sale In Blue Area,Flat,For Sale,1,1,Islamabad,"Blue Area, Islamabad, Islamabad Capital",3.1 ,Blue Area,30000000,28/12/2022
106,Flat 40966341,2bed Apartment For Sale In Prime Location Blue Area,Flat,For Sale,1,2,Islamabad,"Blue Area, Islamabad, Islamabad Capital",7.6 ,Blue Area,70000000,28/12/2022
107,Flat 41511403,4 Bed Corner Park Face Flat For Sale,Flat,For Sale,4,4,Islamabad,"F-11, Islamabad, Islamabad Capital",13.3 ,F-11,50000000,28/12/2022
108,Flat 42894742,Your Search For Flat In Islamabad Ends Here,Flat,For Sale,-,-,Islamabad,"Bahria Town, Islamabad, Islamabad Capital",12 ,Bahria Town,30000000,28/12/2022
109,Flat 43023749,Valencia Heights A 2 Bed Apartment On Ideal Location Fmc B17,Flat,For Sale,2,2,Islamabad,"B-17, Islamabad, Islamabad Capital",3.6 ,B-17,8800000,28/12/2022
110,Flat 42301151,Two Bed Flat Furnished For Sale In Tremezzo Apartment Garden City Bahria Town Rawalpindi.,Flat,For Sale,2,2,Islamabad,"Bahria Town, Islamabad, Islamabad Capital",6.6 ,Bahria Town,40000000,28/12/2022
111,Flat 40399211,3 Bedroom Apartment For Sale In Askari Tower 2 Dha Phase 2 Islamabad,Flat,For Sale,3,3,Islamabad,"DHA Defence, Islamabad, Islamabad Capital",12 ,DHA Defence,40000000,28/12/2022
112,Flat 39253628,3 Bedroom Apartment For Sale In F-11 Markaz,Flat,For Sale,3,3,Islamabad,"F-11, Islamabad, Islamabad Capital",13.3 ,F-11,50000000,28/12/2022
113,Flat 42002975,3 Beds  Apartments Available For Sale On Main Double Road E-11 Markaz Islamabad,Flat,For Sale,3,3,Islamabad,"E-11, Islamabad, Islamabad Capital",6 ,E-11,20000000,28/12/2022
114,Flat 42822755,"Brand New Flat For Sale In Prime Location  Sector H-13, Islamabad",Flat,For Sale,2,2,Islamabad,"H-13, Islamabad, Islamabad Capital",4.1 ,H-13,7500000,28/12/2022
115,Flat 42224939,2 Bed Luxurious Corner Possession Able Apartment Available For Sale At Bahria Enclave Islamabad,Flat,For Sale,2,2,Islamabad,"Bahria Town, Islamabad, Islamabad Capital",6.1 ,Bahria Town,20000000,28/12/2022
116,Flat 43193250,In E-11 Flat Sized 1200 Square Feet For sale,Flat,For Sale,2,2,Islamabad,"E-11, Islamabad, Islamabad Capital",5.3 ,E-11,20000000,02/12/2022
117,Flat 43193252,Flat Is Available For sale In E-11,Flat,For Sale,2,2,Islamabad,"E-11, Islamabad, Islamabad Capital",5.3 ,E-11,20000000,02/12/2022
118,Flat 43193248,E-11 Flat For sale Sized 1150 Square Feet,Flat,For Sale,2,2,Islamabad,"E-11, Islamabad, Islamabad Capital",5.1 ,E-11,10000000,02/12/2022
119,Flat 43193246,1150 Square Feet Flat Is Available For sale,Flat,For Sale,2,2,Islamabad,"E-11, Islamabad, Islamabad Capital",5.1 ,E-11,9000000,02/12/2022
120,Flat 43193244,Get In Touch Now To Buy A Flat In E-11,Flat,For Sale,2,2,Islamabad,"E-11, Islamabad, Islamabad Capital",4.9 ,E-11,8000000,02/12/2022
121,Flat 43193242,Flat For Grabs In 1100 Square Feet E-11,Flat,For Sale,2,2,Islamabad,"E-11, Islamabad, Islamabad Capital",4.9 ,E-11,7000000,02/12/2022
122,Flat 42685473,560 Square Feet Flat For sale In Bahria Enclave - Sector G,Flat,For Sale,-,-,Islamabad,"Bahria Town, Islamabad, Islamabad Capital",2.5 ,Bahria Town,7100000,24/11/2022
123,Flat 42685477,896 Square Feet Flat In Bahria Enclave - Sector G Is Best Option,Flat,For Sale,-,-,Islamabad,"Bahria Town, Islamabad, Islamabad Capital",4 ,Bahria Town,20000000,24/11/2022
124,House 43039496,Furnished House Available For Sale,House,For Sale,6,5,Islamabad,"DHA Defence, Islamabad, Islamabad Capital",20.0,DHA Defence,100000000,27/12/2022
125,House 39717371,Solar System Furnished Brand New Cda Transfer House Very Hot Location,House,For Sale,8,7,Islamabad,"F-8, Islamabad, Islamabad Capital",24.0,F-8,290000000,26/12/2022
126,House 42786884,5 Marla House Available For Sale At Park View City,House,For Sale,4,4,Islamabad,"Park View City, Islamabad, Islamabad Capital",5 ,Park View City,30000000,26/12/2022
127,House 42785555,5 Marla House Available For Sale At Park View City,House,For Sale,4,4,Islamabad,"Park View City, Islamabad, Islamabad Capital",5 ,Park View City,30000000,26/12/2022
128,House 43079468,Get In Touch Now To Buy A House In DHA Phase 3 - Block B Islamabad,House,For Sale,5,5,Islamabad,"DHA Defence, Islamabad, Islamabad Capital",10 ,DHA Defence,50000000,26/12/2022
129,House 43165735,Prime Location Excellent House For Sale Cda Transfer Single Owner-,House,For Sale,6,5,Islamabad,"E-7, Islamabad, Islamabad Capital",44.0,E-7,500000000,28/12/2022
130,House 42908118,Residential House for sale in D 12/4,House,For Sale,4,4,Islamabad,"D-12, Islamabad, Islamabad Capital",4 ,D-12,40000000,28/12/2022
131,House 43181499,Beautiful Villa 1 Kanal In Naval Anchorage,House,For Sale,6,6,Islamabad,"Naval Anchorage, Islamabad, Islamabad Capital",20.0,Naval Anchorage,80000000,28/12/2022
132,House 40415577,Brand New 10 Marla House With 1 Marla Extra Land Four Sided Window Light And Afresh Air With Attached,House,For Sale,5,5,Islamabad,"Bahria Town, Islamabad, Islamabad Capital",10 ,Bahria Town,50000000,28/12/2022
133,House 43164186,Double Unit Beautiful House With A+ Construction.,House,For Sale,5,5,Islamabad,"Bahria Town, Islamabad, Islamabad Capital",8 ,Bahria Town,40000000,28/12/2022
134,House 42822456,Brand New Designer House Double Unit,House,For Sale,8,6,Islamabad,"DHA Defence, Islamabad, Islamabad Capital",20.0,DHA Defence,90000000,29/11/2022
135,House 41855878,Brand New Designer House Fully Furnished,House,For Sale,8,6,Islamabad,"DHA Defence, Islamabad, Islamabad Capital",20.0,DHA Defence,70000000,15/11/2022
136,House 42801533,F-7/3 Main Margalla Road House For Sale,House,For Sale,6,11,Islamabad,"F-7, Islamabad, Islamabad Capital",80.0,F-7,1,30/10/2022
137,House 10386184,Brand New Top Most Modern Architect Design House For Sale,House,For Sale,10,7,Islamabad,"F-7, Islamabad, Islamabad Capital",40.0,F-7,750000000,30/10/2022
138,House 37339361,2000 Sq. Yd New Pair Houses Are Available For Sale,House,For Sale,-,16,Islamabad,"F-7, Islamabad, Islamabad Capital",80.0,F-7,15,30/10/2022
139,House 42005235,F-10 Best Location Excellent House For Sale,House,For Sale,10,9,Islamabad,"F-10, Islamabad, Islamabad Capital",22.0,F-10,170000000,30/10/2022
140,House 42801379,F-6/3 Top Location Old House Size 1650 Sq yard,House,For Sale,6,8,Islamabad,"F-6, Islamabad, Islamabad Capital",66.0,F-6,750000000,30/10/2022
141,House 40830038,Prime Location Beautiful House For Sale,House,For Sale,7,6,Islamabad,"E-7, Islamabad, Islamabad Capital",38.0,E-7,450000000,27/11/2022
142,House 42976007,Like Brand New House Available For Sale,House,For Sale,6,7,Islamabad,"F-8, Islamabad, Islamabad Capital",26.0,F-8,300000000,26/11/2022
143,House 35723310,4 Kanal House For Sale In Gulberg Green Islamabad,House,For Sale,7,6,Islamabad,"Gulberg, Islamabad, Islamabad Capital",80.0,Gulberg,350000000,08/11/2022
144,House 41664287,1 Kanal Brand New Innovative Designer Bungalow Up For Sale,House,For Sale,7,6,Islamabad,"DHA Defence, Islamabad, Islamabad Capital",20.0,DHA Defence,90000000,04/11/2022
145,House 43142859,Most Beautifully Design 1 Kanal Bungalow Up For Sale,House,For Sale,7,6,Islamabad,"DHA Defence, Islamabad, Islamabad Capital",20.0,DHA Defence,100000000,03/11/2022
146,House 43192670,Book House Today In D-12,House,For Sale,-,-,Islamabad,"D-12, Islamabad, Islamabad Capital",4 ,D-12,40000000,27/12/2022
147,House 43192667,Want To Buy A House In D-12?,House,For Sale,-,-,Islamabad,"D-12, Islamabad, Islamabad Capital",10 ,D-12,90000000,27/12/2022
148,House 43192669,sale A House In D-12 Prime Location,House,For Sale,-,-,Islamabad,"D-12, Islamabad, Islamabad Capital",4 ,D-12,40000000,27/12/2022
149,House 43093950,16 Marla Full House Available For Rent In F-11.,House,For Rent,6,6,Islamabad,"F-11, Islamabad, Islamabad Capital",16 ,F-11,400000,23/12/2022
150,House 43016311,A 1 Kanal Brand New Designer Full House Available For Rent In Dha 2 Islamabad,House,For Rent,6,6,Islamabad,"DHA Defence, Islamabad, Islamabad Capital",20.0,DHA Defence,300000,27/12/2022
151,House 42894649,Tiles Full House For Rent In I-8,House,For Rent,6,6,Islamabad,"I-8, Islamabad, Islamabad Capital",12 ,I-8,400000,27/12/2022
152,House 42720978,Luxurious 5 Bedroom House With Front & Back Lawn,House,For Rent,6,5,Islamabad,"F-7, Islamabad, Islamabad Capital",46.0,F-7,900000,26/12/2022
153,House 42720833,Like New 5 Bedroom House With Huge Lawn,House,For Rent,6,5,Islamabad,"F-7, Islamabad, Islamabad Capital",48.0,F-7,900000,25/12/2022
154,House 41901340,1 Kanal Beautiful Corner House For Rent In F-7 Islamabad,House,For Rent,5,5,Islamabad,"F-7, Islamabad, Islamabad Capital",20.0,F-7,900000,24/12/2022
155,House 42681959,Centrally Located House In E-7 Is Available For Rent,House,For Rent,5,5,Islamabad,"E-7, Islamabad, Islamabad Capital",24.0,E-7,1400000,23/12/2022
156,House 35348272,Affordable House Of 2100 Square Feet Is Available For Rent,House,For Rent,5,5,Islamabad,"PWD Housing Scheme, Islamabad, Islamabad Capital",9.3 ,PWD Housing Scheme,80000,23/12/2022
157,House 43097620,Brand New Luxury House For Rent In F-7,House,For Rent,-,8,Islamabad,"F-7, Islamabad, Islamabad Capital",26.0,F-7,1300000,23/12/2022
158,House 43072373,Like Brand New House Available For Rent,House,For Rent,6,6,Islamabad,"F-6, Islamabad, Islamabad Capital",22.0,F-6,700000,22/12/2022
159,House 42087790,Defense Villa 3 Bed Available For Rent,House,For Rent,4,3,Islamabad,"DHA Defence, Islamabad, Islamabad Capital",11 ,DHA Defence,100000,28/12/2022
160,House 43163340,Defance Villa Available For Rent,House,For Rent,4,3,Islamabad,"DHA Defence, Islamabad, Islamabad Capital",11 ,DHA Defence,100000,27/12/2022
161,House 43163102,Prime Location Excellent House Available For Rent Ideal For Foreigners-,House,For Rent,5,4,Islamabad,"F-6, Islamabad, Islamabad Capital",20.0,F-6,600000,28/12/2022
162,House 43103837,Full House On Rent In G 13,House,For Rent,6,8,Islamabad,"G-13, Islamabad, Islamabad Capital",14 ,G-13,300000,28/12/2022
163,House 42832776,"New House For Rent In Prime Location  Sector H-13, Islamabad.",House,For Rent,6,4,Islamabad,"H-13, Islamabad, Islamabad Capital",5.5 ,H-13,70000,28/12/2022
164,House 42810648,2800 Square Feet House For rent In I-8/3,House,For Rent,6,6,Islamabad,"I-8, Islamabad, Islamabad Capital",12.4 ,I-8,300000,28/12/2022
165,House 42810650,3200 Square Feet House In I-8 Is Available For rent,House,For Rent,6,6,Islamabad,"I-8, Islamabad, Islamabad Capital",14.2 ,I-8,300000,28/12/2022
166,House 43192659,2250 Square Feet House For rent In Beautiful D-12,House,For Rent,-,-,Islamabad,"D-12, Islamabad, Islamabad Capital",10 ,D-12,300000,27/12/2022
167,House 43192656,2250 Square Feet House In D-12 Is Available For rent,House,For Rent,-,-,Islamabad,"D-12, Islamabad, Islamabad Capital",10 ,D-12,300000,27/12/2022
168,House 43192657,900 Square Feet House For rent Available In D-12,House,For Rent,-,-,Islamabad,"D-12, Islamabad, Islamabad Capital",4 ,D-12,200000,27/12/2022
169,House 43192637,900 Square Feet House For rent In The Perfect Location Of D-12,House,For Rent,-,-,Islamabad,"D-12, Islamabad, Islamabad Capital",4 ,D-12,200000,27/12/2022
170,House 43192639,2250 Square Feet House For rent In D-12,House,For Rent,-,-,Islamabad,"D-12, Islamabad, Islamabad Capital",10 ,D-12,300000,27/12/2022
171,House 43192636,Prominently-Located House Available In D-12 For rent,House,For Rent,-,-,Islamabad,"D-12, Islamabad, Islamabad Capital",10 ,D-12,300000,27/12/2022
172,House 43192658,1250 Square Feet House In Central D-12 For rent,House,For Rent,-,-,Islamabad,"D-12, Islamabad, Islamabad Capital",5.6 ,D-12,100000,27/12/2022
173,House 43192638,1250 Square Feet House Ideally Situated In D-12,House,For Rent,-,-,Islamabad,"D-12, Islamabad, Islamabad Capital",5.6 ,D-12,100000,27/12/2022
174,Flat 42764423,Fully Furnished Apartment In Available For Rent In OCA,Flat,For Rent,5,4,Islamabad,"Constitution Avenue, Islamabad, Islamabad Capital",20.0,Constitution Avenue,700000,26/12/2022
175,Flat 42763341,Fully Furnished Apartment Is Available For Rent In OCA,Flat,For Rent,3,2,Islamabad,"Constitution Avenue, Islamabad, Islamabad Capital",7.3 ,Constitution Avenue,400000,26/12/2022
176,Flat 42555532,Fully Renovated Apartment For Rent In Diplomatic Enclave Islamabad,Flat,For Rent,2,2,Islamabad,"Diplomatic Enclave, Islamabad, Islamabad Capital",7.1 ,Diplomatic Enclave,400000,27/12/2022
177,Flat 42894196,Brand new furnished apartment for rent in The Centaurus.,Flat,For Rent,4,3,Islamabad,"F-8, Islamabad, Islamabad Capital",11.1 ,F-8,600000,27/12/2022
178,Flat 41879364,Newly Brand New Studio Apartment Available For Rent,Flat,For Rent,1,1,Islamabad,"Park Road, Islamabad, Islamabad Capital",4.2 ,Park Road,45000,27/12/2022
179,Flat 40114186,1700 Sq Ft Brand New 3 Bedroom Apartment Available For Rent In Capital Residencia E-11 Islamabad,Flat,For Rent,3,3,Islamabad,"E-11, Islamabad, Islamabad Capital",7.6 ,E-11,80000,26/12/2022
180,Flat 42646751,Abu Dhabi 1 Bed Fully Furnished Flat Available For Rent,Flat,For Rent,1,1,Islamabad,"F-11, Islamabad, Islamabad Capital",3.3 ,F-11,72000,26/12/2022
181,Flat 42885737,"Gulberg Green Luxus Mall, Corner 3 Bed Apartment , Margalla Mountain & Farm Houses View, All Rooms Sunlight & Fresh Air",Flat,For Rent,3,3,Islamabad,"Gulberg, Islamabad, Islamabad Capital",7.2 ,Gulberg,70000,26/12/2022
182,Flat 42871332,Duplex 4 Bedroom 5 Bathrooms Servant Quarter Apartment,Flat,For Rent,5,4,Islamabad,"F-8, Islamabad, Islamabad Capital",20.0,F-8,700000,26/12/2022
183,Flat 42834541,3 Bed Room Apartment Available On Rent,Flat,For Rent,3,3,Islamabad,"Bahria Town, Islamabad, Islamabad Capital",7.5 ,Bahria Town,50000,26/12/2022
184,Flat 42503801,Your Search Ends Right Here With The Beautiful Flat In Defence Executive Apartments At Affordable Price Of Pkr,Flat,For Rent,2,2,Islamabad,"DHA Defence, Islamabad, Islamabad Capital",6.8 ,DHA Defence,45000,28/12/2022
185,Flat 42712025,One Bed Brand New Luxury Apartment For Rent.,Flat,For Rent,1,1,Islamabad,"G-15, Islamabad, Islamabad Capital",2.8 ,G-15,40000,27/12/2022
186,Flat 42561609,E11 3 Bedroom Unfurnished Apartment Available For Rent,Flat,For Rent,3,3,Islamabad,"E-11, Islamabad, Islamabad Capital",7.6 ,E-11,75000,28/12/2022
187,Flat 43113502,Fully Furnished One Bed Room Apartment For Rent,Flat,For Rent,1,1,Islamabad,"E-11, Islamabad, Islamabad Capital",2.4 ,E-11,67000,28/12/2022
188,Flat 42893697,1 Bed Fully Furnished Apartment For Rent,Flat,For Rent,1,1,Islamabad,"E-11, Islamabad, Islamabad Capital",2.9 ,E-11,60000,28/12/2022
189,Flat 42894564,2 Bed Furnished Flat For Rent,Flat,For Rent,2,2,Islamabad,"E-11, Islamabad, Islamabad Capital",4 ,E-11,80000,28/12/2022
190,Flat 42999316,4 Bedroom Unfurnished Apartment For Rent,Flat,For Rent,4,4,Islamabad,"E-11, Islamabad, Islamabad Capital",8 ,E-11,90000,28/12/2022
191,Flat 43193025,900 Square Feet Flat For rent In E-11,Flat,For Rent,2,2,Islamabad,"E-11, Islamabad, Islamabad Capital",4 ,E-11,100000,16/11/2022
192,Flat 43193024,Flat Sized 900 Square Feet Is Available For rent In E-11,Flat,For Rent,2,2,Islamabad,"E-11, Islamabad, Islamabad Capital",4 ,E-11,95000,16/11/2022
193,Flat 43193023,900 Square Feet Flat Available For rent In E-11,Flat,For Rent,2,2,Islamabad,"E-11, Islamabad, Islamabad Capital",4 ,E-11,90000,16/11/2022
194,Flat 43193022,850 Square Feet Flat For rent In E-11,Flat,For Rent,2,2,Islamabad,"E-11, Islamabad, Islamabad Capital",3.8 ,E-11,90000,16/11/2022
195,Flat 43193020,A Well Designed Flat Is Up For rent In An Ideal Location In E-11,Flat,For Rent,2,2,Islamabad,"E-11, Islamabad, Islamabad Capital",3.8 ,E-11,80000,16/11/2022
196,Flat 43193021,Ideal Flat For rent In E-11,Flat,For Rent,2,2,Islamabad,"E-11, Islamabad, Islamabad Capital",3.8 ,E-11,85000,16/11/2022
197,Flat 43193018,800 Square Feet Flat In E-11 For rent,Flat,For Rent,2,2,Islamabad,"E-11, Islamabad, Islamabad Capital",3.6 ,E-11,75000,16/11/2022
198,Flat 43193019,"Flat Of 800 Square Feet Is Available For rent In E-11, E-11",Flat,For Rent,2,2,Islamabad,"E-11, Islamabad, Islamabad Capital",3.6 ,E-11,80000,16/11/2022
199,Flat 42899875,Five Star Hotel Suit,Flat,For Sale,1,1,Islamabad,"Top City 1, Islamabad, Islamabad Capital",1.7 ,Top City 1,20000000,27/12/2022
200,Flat 43169471,Best Investment Opportunity In Signature Resorts Murree,Flat,For Sale,1,-,Islamabad,"Top City 1, Islamabad, Islamabad Capital",0.9 ,Top City 1,10000000,27/12/2022
201,Flat 43161131,2 Bed Corner Most Prime Location On Higher Floors,Flat,For Sale,2,2,Islamabad,"Blue Area, Islamabad, Islamabad Capital",7.5 ,Blue Area,80000000,27/12/2022
202,Flat 43028323,1650 Sqft Margalla Facing 02 Bedrooms Luxury Furnished Apartment For Sale In Elysium Tower,Flat,For Sale,2,2,Islamabad,"F-8, Islamabad, Islamabad Capital",7.3 ,F-8,90000000,26/12/2022
203,Flat 43145896,"Super Luxury One Bedroom apartment for sale in Goldcrest Highlife-1 near Giga Mall, Defence Residency DHA-2 Islamabad",Flat,For Sale,1,1,Islamabad,"DHA Defence, Islamabad, Islamabad Capital",3.9 ,DHA Defence,7200000,26/12/2022
204,Flat 43170166,F-11 On Main Road 3 Bedrooms Flat For Sale On Reasonable Price,Flat,For Sale,3,3,Islamabad,"F-11, Islamabad, Islamabad Capital",9.8 ,F-11,30000000,28/12/2022
205,Flat 43046269,makha tower 2 bedroom apartment avilabel for sal,Flat,For Sale,2,2,Islamabad,"E-11, Islamabad, Islamabad Capital",4.7 ,E-11,20000000,27/12/2022
206,Flat 42769644,Brand New Apartment For Sale In Capital Residencia In E-11,Flat,For Sale,2,2,Islamabad,"E-11, Islamabad, Islamabad Capital",6.2 ,E-11,20000000,27/12/2022
207,Flat 42302434,One Bed Furnished Flat For Sale In Tremezzo Apartment Garden City Bahria Town Rawalpindi.,Flat,For Sale,1,1,Islamabad,"Bahria Town, Islamabad, Islamabad Capital",3.3 ,Bahria Town,20000000,28/12/2022
208,Flat 43104790,2 Bed Fully Furnished Apartment For Sale In Bahria Tremezzo Apartment Garden City Islamabad.,Flat,For Sale,2,2,Islamabad,"Bahria Town, Islamabad, Islamabad Capital",6.8 ,Bahria Town,30000000,28/12/2022
209,Flat 43181482,4 Bed Apartment For Sale In Askari Tower 1,Flat,For Sale,4,4,Islamabad,"DHA Defence, Islamabad, Islamabad Capital",12.7 ,DHA Defence,40000000,28/12/2022
210,Flat 43179982,Signature Hotels And Residence,Flat,For Sale,1,1,Islamabad,"Top City 1, Islamabad, Islamabad Capital",1.7 ,Top City 1,6300000,28/12/2022
211,Flat 33800080,Executive Height Lower Ground Floor 3 Bedroom Flat Is Available For Sale In F-11 Markaz Islamabad,Flat,For Sale,3,3,Islamabad,"F-11, Islamabad, Islamabad Capital",8.2 ,F-11,30000000,28/12/2022
212,Flat 43179827,Signature Hotels And Residence,Flat,For Sale,1,1,Islamabad,"Top City 1, Islamabad, Islamabad Capital",1.7 ,Top City 1,20000000,28/12/2022
213,Flat 43108298,Khudadad Height Main Margalla Road 3 Bed Rooms Beautiful Renovated Apartment For Sale Reasonable Price,Flat,For Sale,3,3,Islamabad,"Main Margalla Road, Islamabad, Islamabad Capital",10.2 ,Main Margalla Road,20000000,28/12/2022
214,Flat 42685626,470 Square Feet Flat Available For sale In Bahria Enclave - Sector G,Flat,For Sale,-,-,Islamabad,"Bahria Town, Islamabad, Islamabad Capital",2.1 ,Bahria Town,5900000,09/11/2022
215,Flat 42685627,"Flat For sale In Rs. 6,924,625",Flat,For Sale,-,-,Islamabad,"Bahria Town, Islamabad, Islamabad Capital",2.5 ,Bahria Town,7000000,08/11/2022
216,Flat 42685630,Buying A Flat In Islamabad?,Flat,For Sale,-,-,Islamabad,"Bahria Town, Islamabad, Islamabad Capital",1.8 ,Bahria Town,5200000,08/11/2022
217,Flat 42685631,Buy A Centrally Located 439 Square Feet Flat In Bahria Enclave - Sector G,Flat,For Sale,-,-,Islamabad,"Bahria Town, Islamabad, Islamabad Capital",2 ,Bahria Town,5500000,08/11/2022
218,Flat 42685633,467 Square Feet Flat In Bahria Enclave - Sector G For sale,Flat,For Sale,-,-,Islamabad,"Bahria Town, Islamabad, Islamabad Capital",2.1 ,Bahria Town,5900000,08/11/2022
219,Flat 42685635,Ready To Buy A Flat In Bahria Enclave - Sector G Islamabad,Flat,For Sale,-,-,Islamabad,"Bahria Town, Islamabad, Islamabad Capital",2.5 ,Bahria Town,7100000,08/11/2022
220,Flat 42685765,Bahria Enclave - Sector G Flat Sized 896 Square Feet Is Available,Flat,For Sale,-,-,Islamabad,"Bahria Town, Islamabad, Islamabad Capital",4 ,Bahria Town,20000000,08/11/2022
221,Flat 42685833,Bahria Enclave - Sector G Flat Sized 896 Square Feet,Flat,For Sale,-,-,Islamabad,"Bahria Town, Islamabad, Islamabad Capital",4 ,Bahria Town,20000000,07/11/2022
222,House 42424585,Luxurious 1 Kanal Brand New Stunning House For Sale,House,For Sale,6,6,Islamabad,"DHA Defence, Islamabad, Islamabad Capital",20.0,DHA Defence,110000000,26/12/2022
223,House 43090810,Corner 6 Bed House Available,House,For Sale,6,6,Islamabad,"DHA Defence, Islamabad, Islamabad Capital",20.0,DHA Defence,90000000,26/12/2022
224,House 40958647,1.6 Kanal Furnished Villa Available For Sale In Garden City Zone 1,House,For Sale,6,5,Islamabad,"Bahria Town, Islamabad, Islamabad Capital",32.0,Bahria Town,140000000,26/12/2022
225,House 42649928,A House At Affordable Price Awaits You,House,For Sale,3,3,Islamabad,"I-10, Islamabad, Islamabad Capital",6.7 ,I-10,30000000,26/12/2022
226,House 37082206,7 Marla Double Story House Available For Sale In Gulberg Residencia I Block,House,For Sale,5,4,Islamabad,"Gulberg, Islamabad, Islamabad Capital",7 ,Gulberg,40000000,26/12/2022
227,House 42170416,Kanal Brand New House Available For Sale In Dha Phase 2 Islamabad,House,For Sale,6,6,Islamabad,"DHA Defence, Islamabad, Islamabad Capital",20.0,DHA Defence,80000000,27/12/2022
228,House 42133735,E-11/3 New House For Sale,House,For Sale,-,9,Islamabad,"E-11, Islamabad, Islamabad Capital",20.0,E-11,140000000,27/12/2022
229,House 42134690,F-10/4 House For Sale,House,For Sale,-,8,Islamabad,"F-10, Islamabad, Islamabad Capital",40.0,F-10,240000000,27/12/2022
230,House 42246313,G-11 House For Sale,House,For Sale,6,9,Islamabad,"G-11, Islamabad, Islamabad Capital",20.0,G-11,120000000,27/12/2022
231,House 41462205,Buy your ideal 3200 Square Feet House in a prime location of Islamabad,House,For Sale,3,3,Islamabad,"I-8, Islamabad, Islamabad Capital",14.2 ,I-8,90000000,27/12/2022
232,House 42823690,Brand New Designer Double Unit House For Sale,House,For Sale,6,6,Islamabad,"DHA Defence, Islamabad, Islamabad Capital",20.0,DHA Defence,100000000,14/11/2022
233,House 43021674,Brand New Designer Double Unit 10 Marla House For Sale,House,For Sale,6,5,Islamabad,"DHA Defence, Islamabad, Islamabad Capital",10 ,DHA Defence,40000000,14/11/2022
234,House 43171350,1 Kanal Brand New House For Sale In Dha Phase 2 Islamabad,House,For Sale,6,5,Islamabad,"DHA Defence, Islamabad, Islamabad Capital",20.0,DHA Defence,90000000,28/12/2022
235,House 42290586,F-11/3 Corner House For Sale,House,For Sale,6,6,Islamabad,"F-11, Islamabad, Islamabad Capital",20.0,F-11,160000000,28/12/2022
236,House 42800693,Proper Corner Double Storey House For Sale On Reasonable Price.,House,For Sale,6,6,Islamabad,"I-8, Islamabad, Islamabad Capital",12.5 ,I-8,90000000,28/12/2022
237,House 42671972,Double Storey House For Sale On Reasonable Price.,House,For Sale,6,6,Islamabad,"I-8, Islamabad, Islamabad Capital",12.5 ,I-8,80000000,28/12/2022
238,House 42671852,40x80 Newly Renovated Double Storey House For Sale,House,For Sale,6,6,Islamabad,"I-8, Islamabad, Islamabad Capital",14 ,I-8,110000000,28/12/2022
239,House 43192665,This Is Your Chance To Buy House In D-12,House,For Sale,-,-,Islamabad,"D-12, Islamabad, Islamabad Capital",8 ,D-12,80000000,27/12/2022
240,House 43192647,Get In Touch Now To Buy A House In D-12,House,For Sale,-,-,Islamabad,"D-12, Islamabad, Islamabad Capital",4 ,D-12,40000000,27/12/2022
241,House 43192644,This Is Your Chance To Buy House In D-12 D-12,House,For Sale,-,-,Islamabad,"D-12, Islamabad, Islamabad Capital",8 ,D-12,80000000,27/12/2022
242,House 43192646,"1125 Square Feet House In Only Rs. 42,500,000",House,For Sale,-,-,Islamabad,"D-12, Islamabad, Islamabad Capital",5 ,D-12,50000000,27/12/2022
243,House 43192668,Own A House In 1125 Square Feet D-12,House,For Sale,-,-,Islamabad,"D-12, Islamabad, Islamabad Capital",5 ,D-12,50000000,27/12/2022
244,House 43192664,Get In Touch Now To Buy A 1575 Square Feet House In D-12,House,For Sale,-,-,Islamabad,"D-12, Islamabad, Islamabad Capital",7 ,D-12,80000000,27/12/2022
245,House 43192628,D-12 900 Square Feet House Up For sale,House,For Sale,-,-,Islamabad,"D-12, Islamabad, Islamabad Capital",4 ,D-12,40000000,27/12/2022
246,House 43192648,Own A House In 900 Square Feet D-12,House,For Sale,-,-,Islamabad,"D-12, Islamabad, Islamabad Capital",4 ,D-12,40000000,27/12/2022
247,House 42718353,Brand New 5 Bedroom Villa With Swimming Pool,House,For Rent,7,6,Islamabad,"F-7, Islamabad, Islamabad Capital",100.0,F-7,2100000,25/12/2022
248,House 42717910,Luxurious 5 Kanal Villa With 5 Bedrooms & Swimming Pool,House,For Rent,6,5,Islamabad,"F-6, Islamabad, Islamabad Capital",100.0,F-6,2000000,25/12/2022
249,House 42700863,Defense Villa Available For Rent,House,For Rent,4,3,Islamabad,"DHA Defence, Islamabad, Islamabad Capital",11 ,DHA Defence,100000,25/12/2022
250,House 42003727,Sector H 5 Marla House For Rent,House,For Rent,3,3,Islamabad,"Bahria Town, Islamabad, Islamabad Capital",5 ,Bahria Town,75000,22/12/2022
251,House 42003791,Sector H 5 Marla House For Rent,House,For Rent,3,3,Islamabad,"Bahria Town, Islamabad, Islamabad Capital",5 ,Bahria Town,75000,22/12/2022
252,House 43064688,Brand New Triple Storey Luxurious House For Rent In F8,House,For Rent,6,7,Islamabad,"F-8, Islamabad, Islamabad Capital",26.0,F-8,1300000,22/12/2022
253,House 43065383,Brand New 5 Beds Fully Furnished Luxurious House For Rent In E7,House,For Rent,6,5,Islamabad,"E-7, Islamabad, Islamabad Capital",20.0,E-7,1600000,22/12/2022
254,House 43035706,Fully Renovated House Is Available For Rent In F-7,House,For Rent,5,4,Islamabad,"F-7, Islamabad, Islamabad Capital",20.0,F-7,400000,27/12/2022
255,House 42077958,9 Marla House For Rent,House,For Rent,3,3,Islamabad,"Bhara kahu, Islamabad, Islamabad Capital",9 ,Bhara kahu,27000,27/12/2022
256,House 41072342,Brand New House For Rent,House,For Rent,9,9,Islamabad,"F-7, Islamabad, Islamabad Capital",26.0,F-7,1500000,27/12/2022
257,House 42621500,F8 1777 Square Yard Beautiful House Big Lawn 6beds With Attached Bathroom Drawing And Dining Tv Lounge Kitchen Servant Quarter,House,For Rent,7,-,Islamabad,"F-8, Islamabad, Islamabad Capital",72.0,F-8,1200000,26/12/2022
258,House 40866120,F-7 1000 Square Yard Brand New Luxury Fully Furnished House With 10 Beds With Attached Bathroom Beautiful Lawn Drawing Dining Tv Lounge Kitchen Ac And Heating System,House,For Rent,10,-,Islamabad,"F-7, Islamabad, Islamabad Capital",40.0,F-7,2700000,26/12/2022
259,House 42709342,I-8 3 House Sized 2800 Square Feet For rent,House,For Rent,6,6,Islamabad,"I-8, Islamabad, Islamabad Capital",12.4 ,I-8,300000,28/12/2022
260,House 42773958,E-11 Such A Amazing Location What A Outstanding Full House Brand New Villa Spacious 5 Beds,House,For Rent,6,5,Islamabad,"E-11, Islamabad, Islamabad Capital",20.0,E-11,400000,28/12/2022
261,House 43147580,E11 Such A Amazing Location What A Outstanding 3 Storey House For Rent 8 Beds,House,For Rent,-,8,Islamabad,"E-11, Islamabad, Islamabad Capital",20.0,E-11,400000,28/12/2022
262,House 42843754,12 Marla Defence Villa Available For Rent In Dha 1 Sec F,House,For Rent,4,3,Islamabad,"DHA Defence, Islamabad, Islamabad Capital",12 ,DHA Defence,95000,28/12/2022
263,House 43181442,Double Storey Luxury 7 Bed's Beautiful House For Rent In F-10 Islamabad,House,For Rent,7,7,Islamabad,"F-10, Islamabad, Islamabad Capital",20.0,F-10,400000,28/12/2022
264,House 43192516,Luxurious House On Extremely prime Location Available For Rent in Islamabad,House,For Rent,4,4,Islamabad,"F-7, Islamabad, Islamabad Capital",20.0,F-7,400000,27/12/2022
265,House 43192469,Luxurious House On Extremely prime Location Available For Rent in Islamabad,House,For Rent,6,6,Islamabad,"F-8, Islamabad, Islamabad Capital",26.0,F-8,1300000,27/12/2022
266,House 43192415,11 bed Luxurious House On Extremely prime Location Available For Rent in Islamabad,House,For Rent,6,10,Islamabad,"F-8, Islamabad, Islamabad Capital",48.0,F-8,800000,27/12/2022
267,House 43192400,Luxurious House On Extremely prime Location Available For Rent in Islamabad,House,For Rent,6,5,Islamabad,"F-7, Islamabad, Islamabad Capital",48.0,F-7,800000,27/12/2022
268,House 43165660,F-8  Fully Furnished House For Rent,House,For Rent,-,10,Islamabad,"F-8, Islamabad, Islamabad Capital",70.0,F-8,2500000,27/12/2022
269,House 43168968,F-7 Beautiful House 1200 Sqyard For Rent,House,For Rent,-,9,Islamabad,"F-7, Islamabad, Islamabad Capital",48.0,F-7,2000000,27/12/2022
270,House 43192307,Luxurious House On Extremely prime Location Available For Rent in Islamabad,House,For Rent,6,5,Islamabad,"E-7, Islamabad, Islamabad Capital",24.0,E-7,1200000,27/12/2022
271,House 43192214,Luxurious House On Extremely prime Location Available For Rent in Islamabad,House,For Rent,6,9,Islamabad,"E-7, Islamabad, Islamabad Capital",26.0,E-7,1200000,27/12/2022
272,Flat 42800662,Elegant Furnished 3 Bed Flat In The Centaurus Tower A For Rent,Flat,For Rent,4,3,Islamabad,"F-8, Islamabad, Islamabad Capital",11.7 ,F-8,600000,25/12/2022
273,Flat 40497151,Flat 2 Bedroom For Rent In E11 Good Location With Car Parking,Flat,For Rent,2,2,Islamabad,"E-11, Islamabad, Islamabad Capital",4.4 ,E-11,70000,25/12/2022
274,Flat 42745431,"E-11 Islamabad Luxury Furnished 2 Bedroom Apartment For Rent,",Flat,For Rent,2,2,Islamabad,"E-11, Islamabad, Islamabad Capital",4 ,E-11,85000,25/12/2022
275,Flat 37733700,Lavish Unfurnished Apartment For Rent,Flat,For Rent,4,3,Islamabad,"Constitution Avenue, Islamabad, Islamabad Capital",12.5 ,Constitution Avenue,500000,25/12/2022
276,Flat 41420659,F-11 2 Bed Flat Available For Rent,Flat,For Rent,2,2,Islamabad,"F-11, Islamabad, Islamabad Capital",6.2 ,F-11,90000,24/12/2022
277,Flat 41905390,Neat And Clean Apartment For Rent In The Centaurus.,Flat,For Rent,3,3,Islamabad,"F-8, Islamabad, Islamabad Capital",12.4 ,F-8,600000,24/12/2022
278,Flat 42603840,Centaurus Mall F-8 Mall Flat,Flat,For Rent,2,2,Islamabad,"F-8, Islamabad, Islamabad Capital",8.9 ,F-8,400000,24/12/2022
279,Flat 43087691,G 15 Markaz 2 Bed Room Flat Available For Rent,Flat,For Rent,2,2,Islamabad,"G-15, Islamabad, Islamabad Capital",3.1 ,G-15,28000,13/11/2022
280,Flat 43137599,3 Bed Room Flat Available For Rent Water Electricity Available,Flat,For Rent,2,3,Islamabad,"G-15, Islamabad, Islamabad Capital",3.3 ,G-15,30000,13/11/2022
281,Flat 41316632,Flat Available For Rent,Flat,For Rent,2,2,Islamabad,"E-11, Islamabad, Islamabad Capital",4 ,E-11,60000,27/12/2022
282,Flat 42712471,2 BED BRAND NEW LUXURY APARTMENT FOR RENT.,Flat,For Rent,2,2,Islamabad,"G-15, Islamabad, Islamabad Capital",5.5 ,G-15,65000,27/12/2022
283,Flat 42942441,Three Bed Luxury Apartment For Rent.,Flat,For Rent,3,3,Islamabad,"G-15, Islamabad, Islamabad Capital",8.5 ,G-15,80000,27/12/2022
284,Flat 42999603,3 Bedroom Furnished Apartment For Rent,Flat,For Rent,3,3,Islamabad,"E-11, Islamabad, Islamabad Capital",5.3 ,E-11,200000,28/12/2022
285,Flat 42999743,1 Bedroom Un Furnished Apartment,Flat,For Rent,1,1,Islamabad,"E-11, Islamabad, Islamabad Capital",3.6 ,E-11,45000,28/12/2022
286,Flat 41638688,2 Bedroom Apartment Is Availablefor Rent In Defence Residency Dha 2 Islamabad,Flat,For Rent,2,2,Islamabad,"DHA Defence, Islamabad, Islamabad Capital",5.1 ,DHA Defence,35000,28/12/2022
287,Flat 43187531,"LUXURY LEVEL 1 BHK,  RENTAL APARTMENT IN E11",Flat,For Rent,1,1,Islamabad,"E-11, Islamabad, Islamabad Capital",3.8 ,E-11,200000,28/12/2022
288,Flat 42221868,E-11 Three Bedroom Fully Furnished Apartment Available For Rent In Islamabad,Flat,For Rent,3,3,Islamabad,"E-11, Islamabad, Islamabad Capital",5.3 ,E-11,100000,28/12/2022
289,Flat 43193016,Prominently-Located 800 Square Feet Flat Available In E-11,Flat,For Rent,2,2,Islamabad,"E-11, Islamabad, Islamabad Capital",3.6 ,E-11,70000,15/11/2022
290,Flat 43193015,500 Square Feet Flat For rent In E-11,Flat,For Rent,1,1,Islamabad,"E-11, Islamabad, Islamabad Capital",2.2 ,E-11,60000,15/11/2022
291,Flat 43193013,Flat Of 450 Square Feet Is Available In Contemporary Neighborhood Of E-11,Flat,For Rent,1,1,Islamabad,"E-11, Islamabad, Islamabad Capital",2 ,E-11,50000,15/11/2022
292,Flat 43193012,Premium 400 Square Feet Flat Is Available For rent In E-11,Flat,For Rent,1,1,Islamabad,"E-11, Islamabad, Islamabad Capital",1.8 ,E-11,45000,15/11/2022
293,Flat 43191907,rent The Ideally Located Flat For An Incredible Price Of Pkr,Flat,For Rent,2,2,Islamabad,"E-11, Islamabad, Islamabad Capital",6.4 ,E-11,200000,28/12/2022
294,Flat 43191906,Perfect 1450 Square Feet Flat In E-11 For rent,Flat,For Rent,2,2,Islamabad,"E-11, Islamabad, Islamabad Capital",6.4 ,E-11,200000,28/12/2022
295,Flat 43191897,Flat Sized 1450 Square Feet In E-11,Flat,For Rent,2,2,Islamabad,"E-11, Islamabad, Islamabad Capital",6.4 ,E-11,200000,28/12/2022
296,Flat 43191891,1450 Square Feet Flat In Beautiful Location Of E-11 In E-11,Flat,For Rent,2,2,Islamabad,"E-11, Islamabad, Islamabad Capital",6.4 ,E-11,200000,28/12/2022
297,Flat 43145916,2 bed Flat for Sale,Flat,For Sale,2,2,Islamabad,"Gulberg, Islamabad, Islamabad Capital",4 ,Gulberg,20000000,26/12/2022
298,Flat 43145535,"Askari Tower 1, 4 Bedrooms Apartment 7th Floor Facing Iqbal Boulevard For Sale Dha Phase 2 Islamabad",Flat,For Sale,5,4,Islamabad,"DHA Defence, Islamabad, Islamabad Capital",13.1 ,DHA Defence,40000000,26/12/2022
299,Flat 40829037,"Pine Height Luxury Apartment A Project Of Twin City Marketing, Located On Margalla View Housing Society Mvhs Sector D-17 2 Islamabad",Flat,For Sale,2,2,Islamabad,"D-17, Islamabad, Islamabad Capital",5.6 ,D-17,20000000,26/12/2022
300,Flat 41478521,Book Your Luxurious 2 Bed Apartment In Iconic High Rise Project,Flat,For Sale,2,2,Islamabad,"Gulberg, Islamabad, Islamabad Capital",5.4 ,Gulberg,20000000,24/12/2022
301,Flat 42934437,E11/1 Veranda Residencia Two Bedroom Apartment For Sale,Flat,For Sale,2,2,Islamabad,"E-11, Islamabad, Islamabad Capital",8 ,E-11,40000000,23/12/2022
302,Flat 41745706,10 Marla Flat Available For Sale In G-15,Flat,For Sale,3,3,Islamabad,"G-15, Islamabad, Islamabad Capital",10 ,G-15,20000000,27/12/2022
303,Flat 41036375,"Luxurious Apartment For Sale In Eighteen, Islamabad",Flat,For Sale,2,2,Islamabad,"Kashmir Highway, Islamabad, Islamabad Capital",7.1 ,Kashmir Highway,40000000,28/12/2022
304,Flat 42735605,"Prime Location sale The Ideally Located Flat For An Incredible Price Of Pkr Rs. 18,432,000",Flat,For Sale,-,-,Islamabad,"Top City 1, Islamabad, Islamabad Capital",2.6 ,Top City 1,20000000,28/12/2022
305,Flat 43179365,Brand New Good Location 3 Bedroom Gold Category Semi Furnished Apartment Beautiful View,Flat,For Sale,3,3,Islamabad,"Bahria Town, Islamabad, Islamabad Capital",7.5 ,Bahria Town,20000000,28/12/2022
306,Flat 42859980,1180 Sq Ft Apartment Available In Veranda Residence In Islamabad,Flat,For Sale,-,-,Islamabad,"E-11, Islamabad, Islamabad Capital",5.2 ,E-11,20000000,28/12/2022
307,Flat 38613854,Reserve A Flat Of 602 Square Feet Now In Defence Residency,Flat,For Sale,1,1,Islamabad,"DHA Defence, Islamabad, Islamabad Capital",2.7 ,DHA Defence,6000000,28/12/2022
308,Flat 43109849,One Bed Apartment in Most Luxurious Building in Islamabad,Flat,For Sale,1,1,Islamabad,"B-17, Islamabad, Islamabad Capital",3.8 ,B-17,9400000,28/12/2022
309,Flat 43110243,Most Luxurious 2 Bedroom Apartment on Installment in Islamabad,Flat,For Sale,2,2,Islamabad,"B-17, Islamabad, Islamabad Capital",6 ,B-17,20000000,28/12/2022
310,Flat 42685825,Book A Flat Of 470 Square Feet In Bahria Enclave - Sector G Islamabad,Flat,For Sale,-,-,Islamabad,"Bahria Town, Islamabad, Islamabad Capital",2.1 ,Bahria Town,5900000,06/11/2022
311,Flat 42685826,554 Square Feet Flat Is Available For sale In Bahria Enclave - Sector G,Flat,For Sale,-,-,Islamabad,"Bahria Town, Islamabad, Islamabad Capital",2.5 ,Bahria Town,7000000,05/11/2022
312,Flat 42685828,Get In Touch Now To Buy A Flat In Islamabad,Flat,For Sale,-,-,Islamabad,"Bahria Town, Islamabad, Islamabad Capital",2 ,Bahria Town,5500000,05/11/2022
313,Flat 42685829,Buying A Flat In Bahria Enclave - Sector G Islamabad?,Flat,For Sale,-,-,Islamabad,"Bahria Town, Islamabad, Islamabad Capital",2.1 ,Bahria Town,5900000,05/11/2022
314,Flat 42685831,Get Your Dream Flat In Bahria Enclave - Sector G Islamabad,Flat,For Sale,-,-,Islamabad,"Bahria Town, Islamabad, Islamabad Capital",2.5 ,Bahria Town,7100000,05/11/2022
315,Flat 43191904,You Can Find A Gorgeous Flat For sale In E-11,Flat,For Sale,2,2,Islamabad,"E-11, Islamabad, Islamabad Capital",5.3 ,E-11,20000000,28/12/2022
316,Flat 43191903,Buying A Flat In E-11?,Flat,For Sale,2,2,Islamabad,"E-11, Islamabad, Islamabad Capital",7.1 ,E-11,30000000,28/12/2022
317,Flat 43191902,Book Flat Today In E-11,Flat,For Sale,2,2,Islamabad,"E-11, Islamabad, Islamabad Capital",8.9 ,E-11,40000000,28/12/2022
318,House 43076103,A House Of 1800 Square Feet In G-15,House,For Sale,5,5,Islamabad,"G-15, Islamabad, Islamabad Capital",8 ,G-15,30000000,25/12/2022
319,House 39662816,Huge Opportunity Investor Rate Front Back Open House,House,For Sale,5,5,Islamabad,"F-6, Islamabad, Islamabad Capital",17.8 ,F-6,150000000,25/12/2022
320,House 42425697,Sector C Road 1 Kanal House On Main Boulevard For Sale In Bahria Enclave,House,For Sale,-,-,Islamabad,"Bahria Town, Islamabad, Islamabad Capital",20.0,Bahria Town,90000000,25/12/2022
321,House 42946319,Brand New Sun Face 6 Bed 2 Unit House available,House,For Sale,6,6,Islamabad,"DHA Defence, Islamabad, Islamabad Capital",20.0,DHA Defence,100000000,25/12/2022
322,House 42302123,Best Designers House Good Location Latest Design,House,For Sale,6,6,Islamabad,"DHA Defence, Islamabad, Islamabad Capital",20.0,DHA Defence,100000000,24/12/2022
323,House 42951989,Buying A House In I-8?,House,For Sale,6,6,Islamabad,"I-8, Islamabad, Islamabad Capital",24.0,I-8,120000000,27/12/2022
324,House 43146763,Main Double Proper Corner Brand New With Extra Land House For Sale In D-12 Islamabad,House,For Sale,4,3,Islamabad,"D-12, Islamabad, Islamabad Capital",4.5 ,D-12,60000000,27/12/2022
325,House 42606494,25x40 Luxury Brand New First Entry House For Sale,House,For Sale,5,3,Islamabad,"G-14, Islamabad, Islamabad Capital",4.4 ,G-14,30000000,27/12/2022
326,House 42880984,4 Marla Brand New Corner House For Sale,House,For Sale,5,4,Islamabad,"G-13, Islamabad, Islamabad Capital",4.4 ,G-13,40000000,27/12/2022
327,House 43074453,4.4 Marla Brand New First Entry Luxury House For Sale,House,For Sale,5,3,Islamabad,"G-13, Islamabad, Islamabad Capital",4.4 ,G-13,40000000,27/12/2022
328,House 42607519,10 marla House For Sale,House,For Sale,6,6,Islamabad,"DHA Defence, Islamabad, Islamabad Capital",10 ,DHA Defence,60000000,28/12/2022
329,House 42176225,Double Unit House Available For Sale In Pindorian Islambad Highyway.,House,For Sale,4,4,Islamabad,"Pindorian, Islamabad, Islamabad Capital",3 ,Pindorian,6000000,28/12/2022
330,House 42592819,40*80 New Double Storey House For Sale On Reasonable Price.,House,For Sale,6,6,Islamabad,"I-8, Islamabad, Islamabad Capital",14 ,I-8,110000000,28/12/2022
331,House 42593093,New 40*80 Double Storey House For Sale Near To Markaz.,House,For Sale,6,6,Islamabad,"I-8, Islamabad, Islamabad Capital",14 ,I-8,110000000,28/12/2022
332,House 41843004,Prime Location 3 Storey House For Sale In G-11/2 Islamabad,House,For Sale,5,6,Islamabad,"G-11, Islamabad, Islamabad Capital",8 ,G-11,50000000,28/12/2022
333,House 42681961,A Stunning House Is Up For Grabs In I-8/4 Islamabad,House,For Sale,6,7,Islamabad,"I-8, Islamabad, Islamabad Capital",24.0,I-8,150000000,28/12/2022
334,House 42785626,Gorgeous 3200 Square Feet House For sale Available In G-10,House,For Sale,6,6,Islamabad,"G-10, Islamabad, Islamabad Capital",14.2 ,G-10,80000000,28/12/2022
335,House 43192625,House For sale In D-12,House,For Sale,-,-,Islamabad,"D-12, Islamabad, Islamabad Capital",10 ,D-12,90000000,27/12/2022
336,House 43192626,1125 Square Feet House For sale In Beautiful D-12,House,For Sale,-,-,Islamabad,"D-12, Islamabad, Islamabad Capital",5 ,D-12,50000000,27/12/2022
337,House 43192645,D-12 House Sized 2250 Square Feet Is Available,House,For Sale,-,-,Islamabad,"D-12, Islamabad, Islamabad Capital",10 ,D-12,90000000,27/12/2022
338,House 43192643,Book A House Of 1575 Square Feet In D-12 D-12,House,For Sale,-,-,Islamabad,"D-12, Islamabad, Islamabad Capital",7 ,D-12,80000000,27/12/2022
339,House 43192627,House Of 900 Square Feet Available In D-12,House,For Sale,-,-,Islamabad,"D-12, Islamabad, Islamabad Capital",4 ,D-12,40000000,27/12/2022
340,House 43192623,D-12 House Sized 1575 Square Feet Is Available,House,For Sale,-,-,Islamabad,"D-12, Islamabad, Islamabad Capital",7 ,D-12,80000000,27/12/2022
341,House 43192624,Your Dream 1800 Square Feet House Is Available In D-12,House,For Sale,-,-,Islamabad,"D-12, Islamabad, Islamabad Capital",8 ,D-12,80000000,27/12/2022
342,House 43192334,"Double Storey House For Sale In Soan Garden - Block A, Islamabad",House,For Sale,8,7,Islamabad,"Soan Garden, Islamabad, Islamabad Capital",12 ,Soan Garden,50000000,27/12/2022
343,House 42843932,Perfect Location Spacious House In E-7,House,For Rent,6,5,Islamabad,"E-7, Islamabad, Islamabad Capital",40.0,E-7,800000,26/12/2022
344,House 42590641,Perfect 10 Marla House In Gulberg Residencia - Block I For rent,House,For Rent,6,5,Islamabad,"Gulberg, Islamabad, Islamabad Capital",10 ,Gulberg,200000,26/12/2022
345,House 42967471,Brand New Luxury House On Extremely Prime Location Available For Rent In F-8 5000$,House,For Rent,-,8,Islamabad,"F-8, Islamabad, Islamabad Capital",26.0,F-8,1100000,26/12/2022
346,House 42965349,F-10 Brand New House For Rent Beautiful Location,House,For Rent,6,6,Islamabad,"F-10, Islamabad, Islamabad Capital",42.0,F-10,1300000,26/12/2022
347,House 42956711,Brand New Luxury House On Extremely Prime Location Available For Rent In Islamabad Pakistan,House,For Rent,6,8,Islamabad,"F-8, Islamabad, Islamabad Capital",28.0,F-8,1100000,26/12/2022
348,House 42785918,I 8 Proper Corner Double Storey House 6 Bed 6 Bath 3.50 Final No Bargaining,House,For Rent,6,6,Islamabad,"I-8, Islamabad, Islamabad Capital",14 ,I-8,400000,26/12/2022
349,House 42651573,"Brand New, 35x70, House For Rent With 6 Bedrooms In G-13, Islamabad",House,For Rent,6,6,Islamabad,"G-13, Islamabad, Islamabad Capital",10.9 ,G-13,200000,26/12/2022
350,House 42923304,Beautiful House With Swimming Pool Is Available For Rent In Sector F-8 Islamabad,House,For Rent,7,6,Islamabad,"F-7, Islamabad, Islamabad Capital",40.0,F-7,1100000,26/12/2022
351,House 42786887,20 Marla House In B-17 Of Islamabad Is Available For rent,House,For Rent,-,-,Islamabad,"B-17, Islamabad, Islamabad Capital",20.0,B-17,55000,26/12/2022
352,House 42843524,Full House Available For Rent,House,For Rent,6,10,Islamabad,"I-8, Islamabad, Islamabad Capital",14 ,I-8,400000,26/12/2022
353,House 42632261,933 Sq Yd Double Storey House For Rent In E 7 Islamabad,House,For Rent,-,-,Islamabad,"E-7, Islamabad, Islamabad Capital",38.0,E-7,700000,26/12/2022
354,House 42666937,1000 Sq. Yard Double Storey With Front Back Lawn Available For Rent F 7,House,For Rent,4,4,Islamabad,"F-7, Islamabad, Islamabad Capital",40.0,F-7,600000,26/12/2022
355,House 42554730,House For Rant In F10 Islamabad,House,For Rent,5,5,Islamabad,"F-10, Islamabad, Islamabad Capital",40.0,F-10,1300000,28/12/2022
356,House 42922651,14 Marla House For Rent In G-9,House,For Rent,5,5,Islamabad,"G-9, Islamabad, Islamabad Capital",14 ,G-9,300000,28/12/2022
357,House 40288973,"Full Furnished Independent House For Un And Embassy Officials In F-8 At A Prime Location By Asco Properties, Islamabad.",House,For Rent,1,1,Islamabad,"F-8, Islamabad, Islamabad Capital",10 ,F-8,200000,28/12/2022
358,House 43173740,Brand new 10 Marla double story house for rent,House,For Rent,5,5,Islamabad,"D-12, Islamabad, Islamabad Capital",10 ,D-12,300000,28/12/2022
359,House 43042382,E-7 House for rent.,House,For Rent,5,5,Islamabad,"E-7, Islamabad, Islamabad Capital",24.0,E-7,1000000,28/12/2022
360,House 43192174,11 bed Luxurious House On Extremely prime Location Available For Rent in Islamabad,House,For Rent,6,10,Islamabad,"E-7, Islamabad, Islamabad Capital",26.0,E-7,1000000,28/12/2022
361,House 43192167,Luxurious House On Extremely prime Location Available For Rent in Islamabad,House,For Rent,6,6,Islamabad,"E-7, Islamabad, Islamabad Capital",26.0,E-7,1000000,28/12/2022
362,House 43192125,Luxurious House On Extremely prime Location Available For Rent in Islamabad,House,For Rent,6,5,Islamabad,"F-6, Islamabad, Islamabad Capital",24.0,F-6,600000,28/12/2022
363,House 43192122,Luxurious House On Extremely prime Location Available For Rent in Islamabad,House,For Rent,6,5,Islamabad,"F-7, Islamabad, Islamabad Capital",24.0,F-7,600000,28/12/2022
364,House 43192117,Luxurious House On Extremely prime Location Available For Rent in Islamabad,House,For Rent,6,5,Islamabad,"F-8, Islamabad, Islamabad Capital",24.0,F-8,600000,28/12/2022
365,House 43192086,Luxurious House On Extremely prime Location Available For Rent in Islamabad,House,For Rent,6,5,Islamabad,"E-7, Islamabad, Islamabad Capital",24.0,E-7,600000,28/12/2022
366,House 43192085,Luxurious House On Extremely prime Location Available For Rent in Islamabad,House,For Rent,6,5,Islamabad,"F-6, Islamabad, Islamabad Capital",24.0,F-6,600000,28/12/2022
367,House 43192084,Luxurious House On Extremely prime Location Available For Rent in Islamabad,House,For Rent,6,5,Islamabad,"F-7, Islamabad, Islamabad Capital",24.0,F-7,600000,28/12/2022
368,Flat 42862069,1 Bed Flat In Centaurus For Rent,Flat,For Rent,1,1,Islamabad,"F-8, Islamabad, Islamabad Capital",4 ,F-8,200000,26/12/2022
369,Flat 42628283,Furnished Flat For Rent At Main Kalma Chowk,Flat,For Rent,1,2,Islamabad,"Ghauri Town, Islamabad, Islamabad Capital",3.6 ,Ghauri Town,50000,25/12/2022
370,Flat 43101620,E-11 Capital Residencia Fully Furnished 1 Bed With Lounge Apartment Available For Rent.,Flat,For Rent,1,1,Islamabad,"E-11, Islamabad, Islamabad Capital",3.6 ,E-11,80000,23/12/2022
371,Flat 41933958,3 Bed Apartment Available For Rent In Defence Residency El Cielo,Flat,For Rent,3,3,Islamabad,"DHA Defence, Islamabad, Islamabad Capital",6.3 ,DHA Defence,50000,26/12/2022
372,Flat 43146186,2 Bed Apartment Available For Rent In Gulberg Arena Mall & Residency,Flat,For Rent,2,2,Islamabad,"Gulberg, Islamabad, Islamabad Capital",6.8 ,Gulberg,75000,26/12/2022
373,Flat 43146121,1 Bed Apartment Available For Rent In Gulberg Arena Mall & Residency,Flat,For Rent,1,1,Islamabad,"Gulberg, Islamabad, Islamabad Capital",3.1 ,Gulberg,35000,26/12/2022
374,Flat 42657086,1 Bed Fully Furnished Apartment For Rent In Gulberg Diamond Mall & Residency,Flat,For Rent,1,1,Islamabad,"Gulberg, Islamabad, Islamabad Capital",2.4 ,Gulberg,60000,26/12/2022
375,Flat 42658031,1 Bed Apartment Available For Rent In Gulberg Smama Star Mall & Residency,Flat,For Rent,1,1,Islamabad,"Gulberg, Islamabad, Islamabad Capital",2.3 ,Gulberg,35000,26/12/2022
376,Flat 41934323,2 Bed Furnished Apartment For Rent In Defence Residency Dha Phase 2 Islamabad,Flat,For Rent,2,2,Islamabad,"DHA Defence, Islamabad, Islamabad Capital",3.6 ,DHA Defence,65000,24/12/2022
377,Flat 42925001,Elegantly Furnished 2 Bedroom Apartment For Rent In Block 11,Flat,For Rent,2,2,Islamabad,"DHA Defence, Islamabad, Islamabad Capital",3.6 ,DHA Defence,65000,24/12/2022
378,Flat 43102639,3 Bed Room Apartment Available For Rent In Askari Tower 2,Flat,For Rent,3,3,Islamabad,"DHA Defence, Islamabad, Islamabad Capital",11.8 ,DHA Defence,80000,23/12/2022
379,Flat 40557416,One Bed Fully Furnished Apartment is Available for Rent in the Heart Of Islamabad,Flat,For Rent,1,1,Islamabad,"E-11, Islamabad, Islamabad Capital",3.8 ,E-11,85000,23/12/2022
380,Flat 42505714,E-11 One Bedroom Fully Furnished Apartment Available For Rent Islamabad,Flat,For Rent,1,1,Islamabad,"E-11, Islamabad, Islamabad Capital",2.7 ,E-11,60000,28/12/2022
381,Flat 41060436,Beautiful Brand new 3 bed unfurnished apartment for rent in capital Resdencia E 11,Flat,For Rent,3,3,Islamabad,"E-11, Islamabad, Islamabad Capital",7.6 ,E-11,80000,28/12/2022
382,Flat 42844309,Beautiful 2 Bed Unfurnished Apartment For Rent In F-11,Flat,For Rent,2,2,Islamabad,"F-11, Islamabad, Islamabad Capital",6 ,F-11,95000,28/12/2022
383,Flat 43124918,Huge 4 Bedrooms Apartment For Rent In Islamabad - No Maintenance Fee,Flat,For Rent,4,4,Islamabad,"Gulberg, Islamabad, Islamabad Capital",8 ,Gulberg,75000,28/12/2022
384,Flat 42875052,Three Bed Apartment Available for rent in Capital Residencia E11,Flat,For Rent,3,3,Islamabad,"E-11, Islamabad, Islamabad Capital",7.6 ,E-11,80000,28/12/2022
385,Flat 43003779,Ideal Flat In Islamabad Available For,Flat,For Rent,-,-,Islamabad,"B-17, Islamabad, Islamabad Capital",4.7 ,B-17,33000,28/12/2022
386,Flat 43003780,1050 Square Feet Flat For rent In B-17,Flat,For Rent,-,-,Islamabad,"B-17, Islamabad, Islamabad Capital",4.7 ,B-17,55000,28/12/2022
387,Flat 43003781,1050 Square Feet Flat For rent In The Perfect Location Of MPCHS - Multi Gardens,Flat,For Rent,-,-,Islamabad,"B-17, Islamabad, Islamabad Capital",4.7 ,B-17,50000,28/12/2022
388,Flat 43003783,Flat Of 1400 Square Feet For rent In MPCHS - Multi Gardens,Flat,For Rent,-,-,Islamabad,"B-17, Islamabad, Islamabad Capital",6.2 ,B-17,38000,28/12/2022
389,Flat 43003784,Affordable Flat For rent In MPCHS - Multi Gardens,Flat,For Rent,-,-,Islamabad,"B-17, Islamabad, Islamabad Capital",4.9 ,B-17,28000,28/12/2022
390,Flat 43003785,"Reasonably-Priced 1040 Square Feet Flat In MPCHS - Multi Gardens, Islamabad Is Available As Of Now",Flat,For Rent,-,-,Islamabad,"B-17, Islamabad, Islamabad Capital",4.6 ,B-17,30000,28/12/2022
391,Flat 43003802,In MPCHS - Multi Gardens Flat For rent Sized 1050 Square Feet,Flat,For Rent,-,-,Islamabad,"B-17, Islamabad, Islamabad Capital",4.7 ,B-17,33000,28/12/2022
392,Flat 43003803,1050 Square Feet Flat In B-17 Of Islamabad Is Available For rent,Flat,For Rent,-,-,Islamabad,"B-17, Islamabad, Islamabad Capital",4.7 ,B-17,55000,28/12/2022
393,Flat 42686684,4 Bedroom Apartment For Sale In Askari Tower 2 Dha 2 Islamabad,Flat,For Sale,5,4,Islamabad,"DHA Defence, Islamabad, Islamabad Capital",11.6 ,DHA Defence,40000000,23/12/2022
394,Flat 42806132,3 Bedroom Apartment For Sale In Askari Tower 3 Dha 5 Islamabad,Flat,For Sale,3,3,Islamabad,"DHA Defence, Islamabad, Islamabad Capital",12.4 ,DHA Defence,40000000,23/12/2022
395,Flat 42535590,"732 Square Feet Flat For sale In Eighteen Islamabad In Only Rs. 14,000,000",Flat,For Sale,1,1,Islamabad,"Kashmir Highway, Islamabad, Islamabad Capital",3.3 ,Kashmir Highway,20000000,27/12/2022
396,Flat 43049398,2 Bedroom Furnished Apartment Available For Sale In E-11,Flat,For Sale,2,2,Islamabad,"E-11, Islamabad, Islamabad Capital",5.3 ,E-11,20000000,27/12/2022
397,Flat 42326871,816 Sq Ft 2 Bedrooms Apartment For Sale On Easy Installment At Prime Location Of Park View City Islamabad,Flat,For Sale,2,2,Islamabad,"Park View City, Islamabad, Islamabad Capital",3.6 ,Park View City,20000000,27/12/2022
398,Flat 41671664,Park View City Elanza Creeks 1 Bed Luxury Apartment Sale On 3 Years Installment Plan,Flat,For Sale,1,1,Islamabad,"Park View City, Islamabad, Islamabad Capital",3.1 ,Park View City,7000000,26/12/2022
399,Flat 42647191,Brand New Good Location 3 Bedroom Diamond Category Outer Facing Apartment Beautiful View,Flat,For Sale,4,3,Islamabad,"Bahria Town, Islamabad, Islamabad Capital",10.9 ,Bahria Town,20000000,26/12/2022
400,Flat 42929378,F-11 Markaz One Bed Room Luxury Building Apartment 18 West Islamabad,Flat,For Sale,2,1,Islamabad,"F-11, Islamabad, Islamabad Capital",6.7 ,F-11,30000000,26/12/2022
401,Flat 43151199,595 Square Feet Flat Ideally Situated In Mumtaz City,Flat,For Sale,-,-,Islamabad,"Mumtaz City, Islamabad, Islamabad Capital",2.6 ,Mumtaz City,30000000,28/12/2022
402,Flat 43151217,291 Square Feet Flat In Central Mumtaz City For sale,Flat,For Sale,-,-,Islamabad,"Mumtaz City, Islamabad, Islamabad Capital",1.3 ,Mumtaz City,20000000,28/12/2022
403,Flat 43110733,Most Luxurious 3 Bed Apartment on Installment in Islamabad,Flat,For Sale,3,3,Islamabad,"B-17, Islamabad, Islamabad Capital",7.8 ,B-17,20000000,28/12/2022
404,Flat 36587037,4 Bed Flat For Sale In F11,Flat,For Sale,4,4,Islamabad,"F-11, Islamabad, Islamabad Capital",13.3 ,F-11,50000000,28/12/2022
405,Flat 37278718,Flat Of 1480 Square Feet For sale In Elysium Mall,Flat,For Sale,2,2,Islamabad,"Blue Area, Islamabad, Islamabad Capital",6.6 ,Blue Area,60000000,28/12/2022
406,Flat 42708698,Gorgeous 1800 Square Feet Flat For sale Available In F-11,Flat,For Sale,3,3,Islamabad,"F-11, Islamabad, Islamabad Capital",8 ,F-11,30000000,28/12/2022
407,Flat 42660687,4 Bedroom Corner Park Face Flat For Sale In F11,Flat,For Sale,4,4,Islamabad,"F-11, Islamabad, Islamabad Capital",14.2 ,F-11,50000000,28/12/2022
408,Flat 43191900,Ideal Flat Is Available For sale In E-11,Flat,For Sale,2,2,Islamabad,"E-11, Islamabad, Islamabad Capital",6.2 ,E-11,20000000,28/12/2022
409,Flat 43191899,Become Owner Of Your Flat Today Which Is Centrally Located In E-11 In E-11,Flat,For Sale,1,1,Islamabad,"E-11, Islamabad, Islamabad Capital",2.7 ,E-11,9000000,28/12/2022
410,Flat 43191898,Flat Of 1200 Square Feet In E-11 For sale,Flat,For Sale,2,2,Islamabad,"E-11, Islamabad, Islamabad Capital",5.3 ,E-11,20000000,28/12/2022
411,Flat 43191896,"1600 Square Feet Flat In Only Rs. 30,000,000",Flat,For Sale,2,2,Islamabad,"E-11, Islamabad, Islamabad Capital",7.1 ,E-11,30000000,28/12/2022
412,Flat 43191895,Reserve A Flat Of 2000 Square Feet Now In E-11,Flat,For Sale,2,2,Islamabad,"E-11, Islamabad, Islamabad Capital",8.9 ,E-11,40000000,28/12/2022
413,Flat 43191894,Ideal Flat For sale In E-11,Flat,For Sale,2,2,Islamabad,"E-11, Islamabad, Islamabad Capital",6.2 ,E-11,20000000,28/12/2022
414,Flat 43191893,Flat For sale Situated In E-11,Flat,For Sale,1,1,Islamabad,"E-11, Islamabad, Islamabad Capital",2.7 ,E-11,9000000,28/12/2022
415,Flat 43191892,Looking For A Flat In E-11,Flat,For Sale,2,2,Islamabad,"E-11, Islamabad, Islamabad Capital",5.3 ,E-11,20000000,28/12/2022
416,House 41518131,"6 Marla, Single Storey House For Sale In Korang Town Safari Block At Reasonable Price",House,For Sale,3,2,Islamabad,"Korang Town, Islamabad, Islamabad Capital",6 ,Korang Town,20000000,24/12/2022
417,House 34746806,1 Kanal Brand New House For Sale,House,For Sale,8,6,Islamabad,"DHA Defence, Islamabad, Islamabad Capital",20.0,DHA Defence,100000000,24/12/2022
418,House 43019035,Designer Beautiful New  House 1 Kanal,House,For Sale,6,6,Islamabad,"DHA Defence, Islamabad, Islamabad Capital",20.0,DHA Defence,90000000,24/12/2022
419,House 43080299,Sector C Kanal Brand New House For Sale,House,For Sale,7,7,Islamabad,"Bahria Town, Islamabad, Islamabad Capital",20.0,Bahria Town,80000000,22/12/2022
420,House 42985279,Bahria Enclave - Sector C House Sized 1 Kanal,House,For Sale,7,6,Islamabad,"Bahria Town, Islamabad, Islamabad Capital",20.0,Bahria Town,80000000,22/12/2022
421,House 43070442,5 Marla Double Storey Park Face House,House,For Sale,4,4,Islamabad,"Faisal Town - F-18, Islamabad, Islamabad Capital",5 ,Faisal Town - F-18,20000000,27/12/2022
422,House 30079003,Eighteen Islamabad 8 Kanal Villa For Sale On Easy Installments,House,For Sale,10,7,Islamabad,"Kashmir Highway, Islamabad, Islamabad Capital",160.0,Kashmir Highway,540000000,27/12/2022
423,House 43095360,"Beautiful 14 Marla Furnished Double Storey House For Sale In Soan Garden Islamabad, 8 Bed",House,For Sale,8,6,Islamabad,"Soan Garden, Islamabad, Islamabad Capital",14 ,Soan Garden,40000000,27/12/2022
424,House 41017205,Dabal Story house for sale in H Block Soan garden Islamabad,House,For Sale,7,6,Islamabad,"Soan Garden, Islamabad, Islamabad Capital",10 ,Soan Garden,40000000,27/12/2022
425,House 40978567,Double Storey Corner House For Sale In D Block Soan Garden Islamabad,House,For Sale,9,7,Islamabad,"Soan Garden, Islamabad, Islamabad Capital",20.0,Soan Garden,60000000,27/12/2022
426,House 42030885,Corner House In Paf Tarnol - Block F For Sale,House,For Sale,6,6,Islamabad,"PAF Tarnol, Islamabad, Islamabad Capital",10 ,PAF Tarnol,30000000,28/12/2022
427,House 40313430,3.4 Kanal House For Sale In Banigala Beautiful Location Dam View,House,For Sale,6,7,Islamabad,"Bani Gala, Islamabad, Islamabad Capital",68.0,Bani Gala,100000000,28/12/2022
428,House 42685616,500 Square Yards House In Stunning F-8 Is Available For sale,House,For Sale,4,4,Islamabad,"F-8, Islamabad, Islamabad Capital",20.0,F-8,180000000,28/12/2022
429,House 42785597,"Ideal 444 Square Yards House Available In F-6/1, Islamabad",House,For Sale,6,6,Islamabad,"F-6, Islamabad, Islamabad Capital",17.8 ,F-6,150000000,28/12/2022
430,House 43190207,New house for sale on prime location,House,For Sale,-,7,Islamabad,"F-8, Islamabad, Islamabad Capital",40.0,F-8,500000000,28/12/2022
431,House 42025532,Furnished House Available For Sale,House,For Sale,4,3,Islamabad,"Bahria Town, Islamabad, Islamabad Capital",5 ,Bahria Town,20000000,28/12/2022
432,House 42734096,Livable House For Sale,House,For Sale,5,5,Islamabad,"G-11, Islamabad, Islamabad Capital",14 ,G-11,100000000,28/12/2022
433,House 43192335,"Double Storey House For Sale In Soan Garden - Block H, Islamabad",House,For Sale,6,5,Islamabad,"Soan Garden, Islamabad, Islamabad Capital",8 ,Soan Garden,30000000,27/12/2022
434,House 43192337,"Double Storey House For Sale In Pwd Housing Scheme, Islamabad",House,For Sale,8,7,Islamabad,"PWD Housing Scheme, Islamabad, Islamabad Capital",10 ,PWD Housing Scheme,40000000,27/12/2022
435,House 43192336,Double Storey House Available For Sale In Cbr Town Phase 1 Block B Islamabad,House,For Sale,7,7,Islamabad,"CBR Town, Islamabad, Islamabad Capital",16 ,CBR Town,60000000,27/12/2022
436,House 43192320,"Double Story House for sale in Soan Garden - Block A, Islamabad",House,For Sale,8,7,Islamabad,"Soan Garden, Islamabad, Islamabad Capital",12 ,Soan Garden,50000000,27/12/2022
437,House 43192321,"Double Storey House For Sale In Soan Garden Block H, Islamabad",House,For Sale,8,7,Islamabad,"Soan Garden, Islamabad, Islamabad Capital",11 ,Soan Garden,40000000,27/12/2022
438,House 43192323,"Double Storey House For Sale In Soan Garden - Block H, Islamabad",House,For Sale,8,7,Islamabad,"Soan Garden, Islamabad, Islamabad Capital",10 ,Soan Garden,40000000,27/12/2022
439,House 43192324,"Double Story House for sale in Soan Garden, Islamabad",House,For Sale,6,5,Islamabad,"Soan Garden, Islamabad, Islamabad Capital",6 ,Soan Garden,30000000,27/12/2022
440,House 38876469,Kanal Brand New Corner House Available For Sale In Dha Phase 2 Islamabad,House,For Sale,6,5,Islamabad,"DHA Defence, Islamabad, Islamabad Capital",20.0,DHA Defence,100000000,28/12/2022
441,House 42854946,Affordable House Of 4500 Square Feet Is Available For Rent,House,For Rent,8,7,Islamabad,"AGHOSH, Islamabad, Islamabad Capital",20.0,AGHOSH,200000,26/12/2022
442,House 41573955,Luxury House In 15 Kanal Garden & Lush Green Lawn,House,For Rent,5,4,Islamabad,"Bani Gala, Islamabad, Islamabad Capital",300.0,Bani Gala,600000,26/12/2022
443,House 42842872,Newly Renovated Full House Front And Back Lawns,House,For Rent,5,5,Islamabad,"G-6, Islamabad, Islamabad Capital",22.0,G-6,400000,26/12/2022
444,House 42800747,New Luxurious House For Rent In F-6,House,For Rent,6,6,Islamabad,"F-6, Islamabad, Islamabad Capital",40.0,F-6,1100000,25/12/2022
445,House 42754981,Like Brand New 5 Bedroom Full House In F-7 For Rent,House,For Rent,6,5,Islamabad,"F-7, Islamabad, Islamabad Capital",40.0,F-7,1200000,25/12/2022
446,House 42386411,Brand New Full House Available For Rent,House,For Rent,6,6,Islamabad,"Kuri Road, Islamabad, Islamabad Capital",20.0,Kuri Road,200000,25/12/2022
447,House 42539418,10 Marla House In DHA Defence Phase 2 Is Best Option,House,For Rent,-,-,Islamabad,"DHA Defence, Islamabad, Islamabad Capital",10 ,DHA Defence,200000,25/12/2022
448,House 42539422,10 Marla House Is Available In Affordable Price In DHA Defence Phase 2,House,For Rent,-,-,Islamabad,"DHA Defence, Islamabad, Islamabad Capital",10 ,DHA Defence,200000,25/12/2022
449,House 41887306,Mean Double Road Triple Storey House For Rent,House,For Rent,6,5,Islamabad,"E-11, Islamabad, Islamabad Capital",9 ,E-11,200000,25/12/2022
450,House 42669969,Brand New Beautiful 7 Bedroom Bungalow Is Available For Rent,House,For Rent,6,7,Islamabad,"F-6, Islamabad, Islamabad Capital",72.0,F-6,2700000,25/12/2022
451,House 42667045,1200 Sq Yard Double Storey Living Able House Available For Rent Multinational Companies F 7,House,For Rent,10,11,Islamabad,"F-7, Islamabad, Islamabad Capital",48.0,F-7,1200000,26/12/2022
452,House 42080034,500 Sqyd Renovated Triple Storey House Is Available For Rent In F 7 Islamabad,House,For Rent,-,-,Islamabad,"F-7, Islamabad, Islamabad Capital",20.0,F-7,1100000,26/12/2022
453,House 43171190,10 Marla Beautiful House For Rent In Dha Phase 2 Islamabad,House,For Rent,6,6,Islamabad,"DHA Defence, Islamabad, Islamabad Capital",10 ,DHA Defence,200000,28/12/2022
454,House 43172105,Beautiful  Kanal House For Rent In Good Location,House,For Rent,6,6,Islamabad,"G-13, Islamabad, Islamabad Capital",20.0,G-13,300000,27/12/2022
455,House 42132077,Luxurious House On Extremely prime Location Available For Rent in Islamabad Pakistan,House,For Rent,6,5,Islamabad,"E-7, Islamabad, Islamabad Capital",24.0,E-7,600000,27/12/2022
456,House 42924142,Furnished Brand New Luxurious House On Extremely prime Location Available For Rent in Islamabad Pakistan,House,For Rent,6,5,Islamabad,"E-7, Islamabad, Islamabad Capital",24.0,E-7,1200000,27/12/2022
457,House 42139407,Luxurious House On Extremely Prime Location Available For Rent In Islamabad Pakistan,House,For Rent,6,5,Islamabad,"F-7, Islamabad, Islamabad Capital",24.0,F-7,700000,27/12/2022
458,House 43192081,Luxurious House On Extremely prime Location Available For Rent in Islamabad,House,For Rent,6,5,Islamabad,"F-8, Islamabad, Islamabad Capital",24.0,F-8,600000,28/12/2022
459,House 43192065,Luxurious House On Extremely prime Location Available For Rent in Islamabad,House,For Rent,6,6,Islamabad,"F-8, Islamabad, Islamabad Capital",20.0,F-8,500000,28/12/2022
460,House 42513499,Independent Triple Storey House Is Available For Rent,House,For Rent,-,8,Islamabad,"I-8, Islamabad, Islamabad Capital",12.5 ,I-8,300000,28/12/2022
461,House 43153105,Fair-Priced 1 Kanal House Available In AGHOSH Phase 1,House,For Rent,6,6,Islamabad,"AGHOSH, Islamabad, Islamabad Capital",20.0,AGHOSH,100000,28/12/2022
462,House 43153106,Ideal House For rent In CBR Town Phase 1,House,For Rent,6,6,Islamabad,"CBR Town, Islamabad, Islamabad Capital",20.0,CBR Town,200000,28/12/2022
463,House 43003782,7 Marla House Available For rent In MPCHS - Multi Gardens,House,For Rent,-,-,Islamabad,"B-17, Islamabad, Islamabad Capital",7 ,B-17,80000,28/12/2022
464,House 43003805,Centrally Located House In MPCHS - Multi Gardens Is Available For rent,House,For Rent,-,-,Islamabad,"B-17, Islamabad, Islamabad Capital",7 ,B-17,80000,28/12/2022
465,House 43153123,A Spacious 1 Kanal House In AGHOSH Phase 1,House,For Rent,6,6,Islamabad,"AGHOSH, Islamabad, Islamabad Capital",20.0,AGHOSH,100000,28/12/2022
466,Flat 41720957,One Bedroom Apartment For Rent In Veranda Residencia.,Flat,For Rent,1,1,Islamabad,"E-11, Islamabad, Islamabad Capital",6.2 ,E-11,200000,23/12/2022
467,Flat 42923836,2100 Square Feet Flat For rent In The Royal Mall and Residency,Flat,For Rent,-,-,Islamabad,"Bahria Town, Islamabad, Islamabad Capital",9.3 ,Bahria Town,70000,22/12/2022
468,Flat 43064007,"3 Bedroom Furnished Apartment Available For Rent In Gt Road, Islamabad",Flat,For Rent,3,3,Islamabad,"GT Road, Islamabad, Islamabad Capital",6.7 ,GT Road,75000,22/12/2022
469,Flat 41496400,One Bedroom Luxury Furnished Apartment Available For Rent In E-11 Islamabad,Flat,For Rent,1,1,Islamabad,"E-11, Islamabad, Islamabad Capital",3.8 ,E-11,85000,27/12/2022
470,Flat 43045264,2 Bedroom  Fully Furnished Flat For Rent F11,Flat,For Rent,2,2,Islamabad,"F-11, Islamabad, Islamabad Capital",7.1 ,F-11,200000,27/12/2022
471,Flat 42253512,1 Bed Semi Furnished 950 Square Feet Apartment For Rent In The Royal Mall And Residency,Flat,For Rent,-,-,Islamabad,"Bahria Town, Islamabad, Islamabad Capital",4.2 ,Bahria Town,50000,27/12/2022
472,Flat 42253768,4 Bed Apartment With Servant Quarter For Rent In The Royal Mall And Residency,Flat,For Rent,-,-,Islamabad,"Bahria Town, Islamabad, Islamabad Capital",8.9 ,Bahria Town,200000,27/12/2022
473,Flat 42253767,4 Bed Apartment With Servant Quarter For Rent In The Royal Mall And Residency,Flat,For Rent,-,-,Islamabad,"Bahria Town, Islamabad, Islamabad Capital",8.9 ,Bahria Town,200000,27/12/2022
474,Flat 42253769,4 Bed Apartment With Servant Quarter For Rent In The Royal Mall And Residency,Flat,For Rent,-,-,Islamabad,"Bahria Town, Islamabad, Islamabad Capital",8.9 ,Bahria Town,200000,27/12/2022
475,Flat 42923749,A Great Choice For A 2000 Square Feet Flat Available In The Royal Mall and Residency,Flat,For Rent,-,-,Islamabad,"Bahria Town, Islamabad, Islamabad Capital",8.9 ,Bahria Town,200000,27/12/2022
476,Flat 42923750,Prominently-Located Flat Available In The Royal Mall and Residency For rent,Flat,For Rent,-,-,Islamabad,"Bahria Town, Islamabad, Islamabad Capital",8.9 ,Bahria Town,200000,27/12/2022
477,Flat 42923754,Premium 2000 Square Feet Flat Is Available For rent In Islamabad,Flat,For Rent,-,-,Islamabad,"Bahria Town, Islamabad, Islamabad Capital",8.9 ,Bahria Town,200000,27/12/2022
478,Flat 42874985,Brand New Two bed Apartment Available for rent in Capital Residencia E11,Flat,For Rent,2,2,Islamabad,"E-11, Islamabad, Islamabad Capital",6.2 ,E-11,65000,28/12/2022
479,Flat 42578653,One Bed Apartment Available For rent in Capital Residencia E11,Flat,For Rent,1,1,Islamabad,"E-11, Islamabad, Islamabad Capital",3.1 ,E-11,50000,28/12/2022
480,Flat 42875102,Brand New Two bed Apartment Available for rent in Capital Residencia E11,Flat,For Rent,2,2,Islamabad,"E-11, Islamabad, Islamabad Capital",4 ,E-11,55000,28/12/2022
481,Flat 42862875,Brand new Furnished Flat For Girls Hostel in Sector H-13 Islamabad,Flat,For Rent,2,2,Islamabad,"H-13, Islamabad, Islamabad Capital",3.9 ,H-13,33000,28/12/2022
482,Flat 41919247,One Bed Luxury Furnished Available For Rent In E-11 Islamabad.,Flat,For Rent,1,1,Islamabad,"E-11, Islamabad, Islamabad Capital",3.8 ,E-11,65000,28/12/2022
483,Flat 43003804,Gorgeous 1050 Square Feet Flat For rent Available In MPCHS - Multi Gardens,Flat,For Rent,-,-,Islamabad,"B-17, Islamabad, Islamabad Capital",4.7 ,B-17,50000,28/12/2022
484,Flat 43003806,Your Ideal 1400 Square Feet Flat Has Just Become Available In MPCHS - Multi Gardens,Flat,For Rent,-,-,Islamabad,"B-17, Islamabad, Islamabad Capital",6.2 ,B-17,38000,28/12/2022
485,Flat 43003808,In Islamabad You Can Find The Perfect Flat For rent,Flat,For Rent,-,-,Islamabad,"B-17, Islamabad, Islamabad Capital",4.9 ,B-17,28000,28/12/2022
486,Flat 43003810,In Islamabad You Can Find The Perfect Flat For rent,Flat,For Rent,-,-,Islamabad,"B-17, Islamabad, Islamabad Capital",4.6 ,B-17,30000,28/12/2022
487,Flat 43191681,Highly-Desirable 1600 Square Feet Flat Available In E-11,Flat,For Rent,3,3,Islamabad,"E-11, Islamabad, Islamabad Capital",7.1 ,E-11,200000,28/12/2022
488,Flat 43191680,Centrally Located Flat In E-11 Is Available For rent,Flat,For Rent,3,3,Islamabad,"E-11, Islamabad, Islamabad Capital",7.1 ,E-11,200000,28/12/2022
489,Flat 43191678,1250 Square Feet Flat In Central E-11 For rent,Flat,For Rent,2,2,Islamabad,"E-11, Islamabad, Islamabad Capital",5.6 ,E-11,100000,28/12/2022
490,Flat 43191677,In E-11 1600 Square Feet Flat For rent,Flat,For Rent,3,3,Islamabad,"E-11, Islamabad, Islamabad Capital",7.1 ,E-11,200000,28/12/2022
491,Flat 43043343,"245 Square Feet Flat Available For Sale In Top City 1, Top City 1",Flat,For Sale,1,1,Islamabad,"Top City 1, Islamabad, Islamabad Capital",1.1 ,Top City 1,7900000,27/12/2022
492,Flat 42653569,Ideally Located Flat Of 1545 Square Feet Is Available For sale In Islamabad,Flat,For Sale,3,3,Islamabad,"G-15, Islamabad, Islamabad Capital",6.9 ,G-15,20000000,27/12/2022
493,Flat 43035121,"Luxury One Bedroom apartment for sale in Goldcrest Highlife-3 near Giga Mall, WTC, Defence Residency DHA-2 Islamabad",Flat,For Sale,1,1,Islamabad,"DHA Defence, Islamabad, Islamabad Capital",2.1 ,DHA Defence,4500000,27/12/2022
494,Flat 43032444,Ready 3 Bed Apartment Golf View Apartment For Sale In Eighteen Islamabad,Flat,For Sale,4,3,Islamabad,"Kashmir Highway, Islamabad, Islamabad Capital",8.9 ,Kashmir Highway,50000000,27/12/2022
495,Flat 42837303,THREE BED BRAND NEW LUXURY APARTMENT FOR SALE.,Flat,For Sale,3,3,Islamabad,"G-15, Islamabad, Islamabad Capital",6.9 ,G-15,20000000,27/12/2022
496,Flat 42722006,Prime Location Flat Of 2100 Square Feet In The Arch Is Available,Flat,For Sale,4,3,Islamabad,"G-11, Islamabad, Islamabad Capital",9.3 ,G-11,40000000,26/12/2022
497,Flat 41934827,J7 Emporium B17 Islamabad,Flat,For Sale,1,1,Islamabad,"B-17, Islamabad, Islamabad Capital",3 ,B-17,8200000,26/12/2022
498,Flat 43033281,Prime Location 1350 Square Feet Flat In Stunning E-11/4 Is Available For sale,Flat,For Sale,2,2,Islamabad,"E-11, Islamabad, Islamabad Capital",6 ,E-11,20000000,25/12/2022
499,Flat 42398493,3 Bedroom Apartment For Sale,Flat,For Sale,3,3,Islamabad,"E-11, Islamabad, Islamabad Capital",4.9 ,E-11,20000000,25/12/2022
500,Flat 43033229,Prime Location Apollo Towers Flat Sized 1000 Square Feet Is Available,Flat,For Sale,2,2,Islamabad,"E-11, Islamabad, Islamabad Capital",4.4 ,E-11,20000000,25/12/2022
501,Flat 43177814,582 Square Feet Flat For sale In Beautiful Top City 1,Flat,For Sale,-,-,Islamabad,"Top City 1, Islamabad, Islamabad Capital",2.6 ,Top City 1,30000000,28/12/2022
502,Flat 43177960,"Property For sale In Top City 1 Top City 1 Is Available Under Rs. 20,370,000",Flat,For Sale,-,-,Islamabad,"Top City 1, Islamabad, Islamabad Capital",2.6 ,Top City 1,30000000,28/12/2022
503,Flat 40967399,2 Bed Apartment For Sale Fiver Star Residence In A Installment Plan,Flat,For Sale,2,2,Islamabad,"G-11, Islamabad, Islamabad Capital",7.2 ,G-11,40000000,28/12/2022
504,Flat 42028735,4   Bed Corner Apartment For Sale,Flat,For Sale,4,4,Islamabad,"F-11, Islamabad, Islamabad Capital",14.2 ,F-11,50000000,28/12/2022
